Station Name 	Years 	Province 	Station Number 	Data Availability 	Latitude 	Longitude 	Gross Drainage Area (km2)
ABERDEEN LAKE AT THE OUTLET 	1968-1986 	BC 	08LC043 	Level 	50°06'17" N 	119°04'23" W 	
ADAMS LAKE NEAR SQUILAX 	1949-2017 	BC 	08LD003 	Level 	50°57'12" N 	119°40'31" W 	
ADAMS RIVER NEAR SQUILAX 	1911-2017 	BC 	08LD001 	Flow and Level 	50°56'15" N 	119°39'22" W 	3,210
ADSETT CREEK AT KILOMETRE 386.0 ALASKA HIGHWAY 	1983-2014 	BC 	10CD005 	Flow and Level 	58°06'21" N 	122°42'56" W 	109
AKIE RIVER NEAR THE 760 M CONTOUR 	1981-2016 	BC 	07EA007 	Flow and Level 	57°11'28" N 	124°54'04" W 	1,690
ALCES RIVER AT 22ND BASE LINE 	1963-2014 	BC 	07FD004 	Flow and Level 	56°20'03" N 	120°09'18" W 	295
ALLISON LAKE NEAR PRINCETON 	1973-1981 	BC 	08NL058 	Level 	49°40'54" N 	120°36'15" W 	
ALOUETTE LAKE FOREBAY 	1983-1996 	BC 	08MH148 	Level 	49°17'14" N 	122°29'04" W 	
ALOUETTE RIVER NEAR HANEY 	1911-2016 	BC 	08MH005 	Flow and Level 	49°14'20" N 	122°34'47" W 	233
ANDERSON CREEK NEAR NELSON 	1945-2017 	BC 	08NJ130 	Flow and Level 	49°30'07" N 	117°15'40" W 	9.07
ANSEDAGAN CREEK NEAR NEW AIYANSH 	1997-2016 	BC 	08DB013 	Flow and Level 	55°07'47" N 	129°21'17" W 	26.0
ARROW CREEK NEAR ERICKSON 	1945-2017 	BC 	08NH084 	Flow and Level 	49°09'32" N 	116°27'08" W 	78.3
ARROW RESERVOIR AT FAUQUIER 	1969-2017 	BC 	08NE102 	Level 	49°52'19" N 	118°04'54" W 	
ARROW RESERVOIR AT HUGH KEENLEYSIDE DAM 	1969-1988 	BC 	08NE103 	Level 	49°20'18" N 	117°46'14" W 	
ARROW RESERVOIR AT NAKUSP 	1969-2017 	BC 	08NE104 	Level 	50°14'14" N 	117°47'52" W 	
ARROW RESERVOIR AT SHELTER BAY 	1969-1974 	BC 	08NE107 	Level 	50°37'40" N 	117°56'40" W 	
ARROWSTONE CREEK NEAR THE MOUTH 	2001-2015 	BC 	08LF099 	Flow and Level 	50°50'08" N 	121°14'23" W 	50.5
ASH RIVER BELOW MORAN CREEK 	1959-2017 	BC 	08HB023 	Flow and Level 	49°22'11" N 	124°59'02" W 	387
ASHNOLA RIVER NEAR KEREMEOS 	1914-2017 	BC 	08NL004 	Flow and Level 	49°12'27" N 	119°59'36" W 	1,050
ATLIN LAKE AT ATLIN 	1950-2017 	BC 	09AA001 	Level 	59°34'21" N 	133°42'19" W 	
ATLIN RIVER NEAR ATLIN 	1950-2017 	BC 	09AA006 	Flow and Level 	59°35'43" N 	133°48'51" W 	6,860
ATNARKO RIVER NEAR THE MOUTH 	1965-2014 	BC 	08FB006 	Flow and Level 	52°21'36" N 	126°00'21" W 	2,550
B.X. CREEK ABOVE SWAN LAKE CONTROL DAM 	1959-1979 	BC 	08NM125 	Level 	50°17'35" N 	119°15'45" W 	
BABINE LAKE AT BABINE 	1972-1977 	BC 	08EC010 	Level 	55°19'00" N 	126°37'30" W 	
BABINE LAKE AT PENDLETON BAY 	1972-1976 	BC 	08EC012 	Level 	54°29'45" N 	125°41'35" W 	
BABINE LAKE AT SMITHERS LANDING 	1972-1977 	BC 	08EC011 	Level 	55°03'10" N 	126°29'10" W 	
BABINE LAKE AT TOPLEY LANDING 	1955-2017 	BC 	08EC003 	Level 	54°49'20" N 	126°09'14" W 	
BABINE RIVER AT BABINE 	1986-2018 	BC 	08EC001 	Level 	55°19'21" N 	126°37'47" W 	6,350
BABINE RIVER AT OUTLET OF NILKITKWA LAKE 	1972-2017 	BC 	08EC013 	Flow and Level 	55°25'35" N 	126°41'51" W 	6,760
BAKER CREEK AT QUESNEL 	1963-2013 	BC 	08KE016 	Flow and Level 	52°58'26" N 	122°30'34" W 	1,550
BARNES CREEK NEAR NEEDLES 	1950-2014 	BC 	08NE077 	Flow and Level 	49°54'18" N 	118°07'31" W 	204
BARRIER LAKE NEAR GARIBALDI 	1932-1933 	BC 	08GA035 	Level 	49°56'52" N 	123°04'43" W 	
BARRIERE RIVER AT THE MOUTH 	1915-2015 	BC 	08LB020 	Flow and Level 	51°11'16" N 	120°07'35" W 	1,140
BARRIERE RIVER BELOW SPRAGUE CREEK 	1964-2016 	BC 	08LB069 	Flow and Level 	51°14'43" N 	119°56'15" W 	624
BEATON CREEK NEAR BEATON 	1952-2017 	BC 	08NE008 	Flow and Level 	50°44'04" N 	117°43'45" W 	96.7
BEATTON RIVER NEAR FORT ST. JOHN 	1961-2015 	BC 	07FC001 	Flow and Level 	56°16'42" N 	120°41'59" W 	15,600
BEAVER RIVER NEAR THE MOUTH 	1985-2018 	BC 	08NB019 	Flow and Level 	51°30'32" N 	117°27'55" W 	1,150
BELGO CREEK BELOW HILDA CREEK 	1976-2016 	BC 	08NM232 	Flow and Level 	49°59'59" N 	119°04'21" W 	70.7
BELLA COOLA RIVER ABOVE HAMMER CREEK 	2011-2014 	BC 	08FB011 	Flow and Level 	52°26'21" N 	126°21'08" W 	
BESSETTE CREEK ABOVE BEAVERJACK CREEK 	1970-2015 	BC 	08LC039 	Flow and Level 	50°17'52" N 	118°51'32" W 	769
BESSETTE CREEK ABOVE LUMBY LAGOON OUTFALL 	1973-2015 	BC 	08LC042 	Flow and Level 	50°15'08" N 	118°57'40" W 	632
BIG CREEK ABOVE GROUNDHOG CREEK 	1974-2015 	BC 	08MB006 	Flow and Level 	51°31'25" N 	123°06'57" W 	1,010
BIG CREEK BELOW GRAVEYARD CREEK 	1974-2013 	BC 	08MB007 	Flow and Level 	51°15'14" N 	123°06'16" W 	232
BIG SHEEP CREEK NEAR ROSSLAND 	1929-2017 	BC 	08NE039 	Flow and Level 	49°00'52" N 	117°56'43" W 	347
BINGS CREEK NEAR THE MOUTH 	1961-2018 	BC 	08HA016 	Flow and Level 	48°47'21" N 	123°43'31" W 	15.5
BLACKBURN LAKE ON SALTSPRING ISLAND 	1982-1984 	BC 	08HA048 	Level 	48°49'15" N 	123°28'55" W 	
BLAEBERRY RIVER ABOVE WILLOWBANK CREEK 	1970-2017 	BC 	08NB012 	Flow and Level 	51°28'57" N 	116°58'09" W 	587
BLUE RIVER NEAR BLUE RIVER 	1926-2016 	BC 	08LB038 	Flow and Level 	52°07'00" N 	119°18'07" W 	272
BLUEBERRY RIVER BELOW AITKEN CREEK 	1964-2013 	BC 	07FC003 	Flow and Level 	56°40'39" N 	121°13'20" W 	1,770
BONAPARTE RIVER BELOW CACHE CREEK 	1911-2014 	BC 	08LF002 	Flow and Level 	50°48'10" N 	121°19'24" W 	5,020
BORLAND CREEK BELOW VALLEY CREEK 	2011-2017 	BC 	08MC039 	Level 	52°06'53" N 	121°56'14" W 	192
BOUGIE CREEK AT KILOMETRE 368 ALASKA HIGHWAY 	1981-2014 	BC 	10CD004 	Flow and Level 	58°01'48" N 	122°43'12" W 	335
BOWRON LAKE NEAR WELLS 	1953-1985 	BC 	08KD005 	Level 	53°15'30" N 	121°24'50" W 	
BOWRON RIVER BELOW BOX CANYON 	1977-2016 	BC 	08KD007 	Flow and Level 	54°01'01" N 	122°06'10" W 	3,330
BRANNEN LAKE NEAR WELLINGTON 	1961-1978 	BC 	08HB026 	Level 	49°12'36" N 	124°03'08" W 	
BRIDGE CREEK BELOW DEKA CREEK 	1998-2014 	BC 	08LA027 	Flow and Level 	51°35'15" N 	120°55'14" W 	
BRIDGE RIVER (SOUTH BRANCH) BELOW BRIDGE GLACIER 	1978-2019 	BC 	08ME023 	Flow and Level 	50°51'22" N 	123°27'11" W 	144
BRIDGE RIVER ABOVE DOWNTON LAKE 	1996-2017 	BC 	08ME028 	Flow and Level 	50°49'15" N 	123°12'12" W 	708
BROWNE LAKE RESERVOIR ABOVE THE DAM 	1973-1977 	BC 	08NM216 	Level 	49°49'11" N 	119°11'14" W 	
BROWNS RIVER NEAR COURTENAY 	1960-2018 	BC 	08HB025 	Flow and Level 	49°41'34" N 	125°04'09" W 	87.9
BUCK CREEK AT THE MOUTH 	1973-2017 	BC 	08EE013 	Flow and Level 	54°23'45" N 	126°39'00" W 	565
BULKLEY RIVER AT QUICK 	1930-2018 	BC 	08EE004 	Flow and Level 	54°37'06" N 	126°53'59" W 	7,340
BULKLEY RIVER NEAR HAZELTON 	1943-1952 	BC 	08EE001 	Level 	55°15'32" N 	127°36'10" W 	12,300
BULKLEY RIVER NEAR HOUSTON 	1930-2018 	BC 	08EE003 	Flow and Level 	54°23'57" N 	126°43'09" W 	2,370
BULKLEY RIVER NEAR SMITHERS 	1946-2019 	BC 	08EE005 	Flow and Level 	54°46'11" N 	127°07'59" W 	8,940
BULL RIVER NEAR WARDNER 	1914-2017 	BC 	08NG002 	Flow and Level 	49°29'37" N 	115°21'57" W 	1,520
BURNABY LAKE AT PIPER AVENUE 	1960-1970 	BC 	08MH046 	Level 	49°14'32" N 	122°56'02" W 	
BURRELL CREEK ABOVE GLOUCESTER CREEK 	1974-2015 	BC 	08NN023 	Flow and Level 	49°35'20" N 	118°18'42" W 	221
BUTTLE LAKE ABOVE UPPER CAMPBELL LAKE 	2011-2018 	BC 	08HD033 	Level 	49°50'08" N 	125°36'57" W 	
CABIN CREEK NEAR THE MOUTH 	1977-2017 	BC 	08NP004 	Flow and Level 	49°05'39" N 	114°33'13" W 	92.8
CAMP CREEK AT MOUTH NEAR THIRSK 	1965-2015 	BC 	08NM134 	Flow and Level 	49°42'44" N 	120°00'40" W 	34.6
CAMP CREEK NEAR THE MOUTH 	1998-2015 	BC 	08KH029 	Flow and Level 	52°46'59" N 	120°44'16" W 	6.29
CAMPBELL RIVER AT CAMPBELL RIVER LODGE 	1997-2018 	BC 	08HD022 	Level 	50°02'01" N 	125°16'03" W 	1,750
CAMPBELL RIVER NEAR CAMPBELL RIVER 	1949-2018 	BC 	08HD003 	Flow and Level 	50°02'17" N 	125°17'41" W 	1,470
CANIM LAKE NEAR CANIM LAKE 	1944-1979 	BC 	08LA011 	Level 	51°50'31" N 	120°43'49" W 	
CANOE RIVER BELOW KIMMEL CREEK 	1971-2016 	BC 	08NC004 	Flow and Level 	52°43'53" N 	119°23'05" W 	305
CAPILANO RIVER ABOVE INTAKE 	1914-2018 	BC 	08GA010 	Flow and Level 	49°23'46" N 	123°08'45" W 	173
CARBON CREEK NEAR THE MOUTH 	1998-2016 	BC 	07EF004 	Flow and Level 	55°56'46" N 	122°39'32" W 	741
CARIBOO LAKE NEAR KEITHLEY CREEK 	1961-1977 	BC 	08KH017 	Level 	52°44'49" N 	121°25'29" W 	
CARNATION CREEK AT THE MOUTH 	1972-2018 	BC 	08HB048 	Flow and Level 	48°54'56" N 	124°59'52" W 	10.3
CAYOOSH CREEK NEAR LILLOOET 	1914-2018 	BC 	08ME002 	Flow and Level 	50°40'09" N 	121°57'55" W 	885
CEDAR CREEK ABOVE THE MOUTH 	2001-2018 	BC 	08MH166 	Flow and Level 	49°22'51" N 	122°46'36" W 	
CHAIN LAKE AT THE OUTLET 	1973-1986 	BC 	08NL052 	Level 	49°41'28" N 	120°16'49" W 	
CHAPMAN LAKE NEAR SMITHERS 	1967-1970 	BC 	08EC006 	Level 	54°55'30" N 	126°40'30" W 	
CHARLIE LAKE NEAR FORT ST. JOHN 	1968-1990 	BC 	07FC005 	Level 	56°16'50" N 	120°57'25" W 	
CHASE CREEK ABOVE THE MOUTH 	1996-2015 	BC 	08LE112 	Flow and Level 	50°49'08" N 	119°40'53" W 	297
CHEAKAMUS RIVER ABOVE MILLAR CREEK 	1982-2016 	BC 	08GA072 	Flow and Level 	50°04'47" N 	123°02'08" W 	297
CHEAKAMUS RIVER NEAR BRACKENDALE 	1957-2018 	BC 	08GA043 	Flow and Level 	49°48'57" N 	123°09'00" W 	965
CHEHALIS RIVER NEAR HARRISON MILLS 	1911-2016 	BC 	08MG001 	Flow and Level 	49°18'00" N 	121°56'15" W 	383
CHEMAINUS RIVER NEAR WESTHOLME 	1914-2018 	BC 	08HA001 	Flow and Level 	48°52'42" N 	123°42'16" W 	355
CHESLATTA LAKE AT WEST END 	1981-2013 	BC 	08JA018 	Level 	53°42'27" N 	125°36'42" W 	
CHICADEE LAKE ON DENMAN ISLAND 	1977-1981 	BC 	08HB057 	Level 	49°33'39" N 	124°48'32" W 	
CHILCOTIN RIVER BELOW BIG CREEK 	1970-2017 	BC 	08MB005 	Flow and Level 	51°50'52" N 	122°39'17" W 	19,200
CHILKO RIVER AT OUTLET OF CHILKO LAKE 	1928-2018 	BC 	08MA002 	Flow and Level 	51°37'29" N 	124°08'36" W 	2,130
CHILKO RIVER NEAR REDSTONE 	1927-2017 	BC 	08MA001 	Flow and Level 	52°04'11" N 	123°32'22" W 	6,880
CHILLIWACK RIVER ABOVE SLESSE CREEK 	1963-2017 	BC 	08MH103 	Flow and Level 	49°06'06" N 	121°39'46" W 	650
CHILLIWACK RIVER AT OUTLET OF CHILLIWACK LAKE 	1923-2017 	BC 	08MH016 	Flow and Level 	49°05'01" N 	121°27'30" W 	335
CHILLIWACK RIVER AT VEDDER CROSSING 	1911-2016 	BC 	08MH001 	Flow and Level 	49°05'50" N 	121°58'02" W 	1,230
CHRISTINA CREEK AT OUTLET OF CHRISTINA LAKE 	1944-1990 	BC 	08NN014 	Level 	49°02'31" N 	118°12'25" W 	492
CHRISTINA LAKE NEAR GRAND FORKS 	1914-1915 	BC 	08NN017 	Level 	49°02'40" N 	118°12'30" W 	
CHUCHINKA CREEK NEAR THE MOUTH 	1975-2015 	BC 	07EE009 	Flow and Level 	54°31'47" N 	122°36'44" W 	310
CLARENCE CREEK NEAR ROSSWOOD 	1997-2017 	BC 	08EG018 	Flow and Level 	54°59'33" N 	128°48'24" W 	7.16
CLARK CREEK NEAR WINFIELD 	1968-2017 	BC 	08NM146 	Flow and Level 	50°02'55" N 	119°20'09" W 	15.3
CLAYBURN CREEK AT CLAYBURN ROAD, MATSQUI 	1968-1969 	BC 	08MH068 	Level 	49°04'55" N 	122°16'38" W 	37.0
CLEARWATER LAKE NEAR CLEARWATER STATION 	1950-1995 	BC 	08LA012 	Level 	52°08'35" N 	120°11'30" W 	
CLEARWATER RIVER NEAR CLEARWATER STATION 	1914-2017 	BC 	08LA001 	Flow and Level 	51°39'20" N 	120°03'57" W 	10,300
CLOWHOM RIVER NEAR CLOWHOM LAKE 	1993-2017 	BC 	08GB013 	Flow and Level 	49°47'13" N 	123°25'13" W 	147
COLDSTREAM CREEK ABOVE MUNICIPAL INTAKE 	1967-2014 	BC 	08NM142 	Flow and Level 	50°15'28" N 	119°04'55" W 	60.6
COLDWATER RIVER AT MERRITT 	1913-2017 	BC 	08LG010 	Flow and Level 	50°06'35" N 	120°48'10" W 	917
COLDWATER RIVER NEAR BROOKMERE 	1965-2017 	BC 	08LG048 	Flow and Level 	49°51'15" N 	120°54'30" W 	316
COLUMBIA RIVER AT ATHALMER 	1912-1984 	BC 	08NA004 	Level 	50°30'56" N 	116°01'08" W 	1,340
COLUMBIA RIVER AT BIRCHBANK 	1937-2017 	BC 	08NE049 	Flow and Level 	49°10'40" N 	117°43'03" W 	87,400
COLUMBIA RIVER AT CASTLEGAR 	1930-1984 	BC 	08NE002 	Level 	49°19'56" N 	117°40'33" W 	36,500
COLUMBIA RIVER AT CASTLEGAR (AUXILIARY GAUGE NO. 1) 	1961-1974 	BC 	08NE098 	Level 	49°19'09" N 	117°39'07" W 	
COLUMBIA RIVER AT DONALD 	1944-2018 	BC 	08NB005 	Flow and Level 	51°28'59" N 	117°10'49" W 	9,700
COLUMBIA RIVER AT HUGH KEENLEYSIDE DAM TAILRACE 	1970-1988 	BC 	08NE105 	Level 	49°20'20" N 	117°45'51" W 	
COLUMBIA RIVER AT NICHOLSON 	1903-2018 	BC 	08NA002 	Flow and Level 	51°14'36" N 	116°54'46" W 	6,660
COLUMBIA RIVER AT REVELSTOKE 	1912-1989 	BC 	08ND002 	Level 	51°00'29" N 	118°13'09" W 	26,700
COLUMBIA RIVER AT TRAIL 	1913-1969 	BC 	08NE003 	Level 	49°05'38" N 	117°41'52" W 	88,100
COLUMBIA RIVER AT TWELVE MILE FERRY 	1944-1947 	BC 	08ND006 	Level 	50°51'11" N 	118°06'24" W 	28,500
COMOX LAKE NEAR COURTENAY 	1993-2018 	BC 	08HB082 	Level 	49°38'31" N 	125°05'29" W 	
COMPASS CREEK NEAR KISPIOX 	1997-2014 	BC 	08EB006 	Flow and Level 	55°27'30" N 	127°51'09" W 	19.1
COQUIHALLA RIVER ABOVE ALEXANDER CREEK 	1987-2016 	BC 	08MF068 	Flow and Level 	49°22'06" N 	121°23'04" W 	720
COQUIHALLA RIVER BELOW NEEDLE CREEK 	1965-2016 	BC 	08MF062 	Flow and Level 	49°32'30" N 	121°07'11" W 	85.5
COQUITLAM LAKE FOREBAY 	1984-2018 	BC 	08MH149 	Level 	49°21'20" N 	122°46'45" W 	
COQUITLAM RIVER ABOVE COQUITLAM LAKE 	1982-2018 	BC 	08MH141 	Flow and Level 	49°29'16" N 	122°47'33" W 	52.5
COQUITLAM RIVER AT PORT COQUITLAM 	1915-2018 	BC 	08MH002 	Flow and Level 	49°15'54" N 	122°46'53" W 	238
CORNING CREEK NEAR SQUILAX 	1966-2015 	BC 	08LE077 	Flow and Level 	50°54'47" N 	119°31'58" W 	26.2
COTTONWOOD CREEK HEADWATERS 	1998-2018 	BC 	08HA072 	Flow and Level 	48°56'00" N 	124°14'57" W 	13.0
COTTONWOOD RIVER ABOVE BASS CREEK 	1964-2018 	BC 	10AC005 	Flow and Level 	59°07'03" N 	129°49'31" W 	882
COURSIER LAKE AT THE DAM 	1996-2003 	BC 	08NE128 	Level 	50°42'23" N 	118°06'37" W 	
COWICHAN LAKE NEAR LAKE COWICHAN 	1913-2018 	BC 	08HA009 	Level 	48°49'27" N 	124°03'41" W 	
COWICHAN RIVER AT LAKE COWICHAN 	1913-2018 	BC 	08HA002 	Flow and Level 	48°49'33" N 	124°03'10" W 	594
COWICHAN RIVER NEAR DUNCAN 	1960-2018 	BC 	08HA011 	Flow and Level 	48°46'23" N 	123°42'52" W 	826
CRANBERRY CREEK ABOVE B.C. HYDRO INTAKE 	1980-2017 	BC 	08NE123 	Flow and Level 	50°47'38" N 	118°04'50" W 	99.6
CREST LAKE NEAR HIGHWAY 28 	1997-2018 	BC 	08HC006 	Flow and Level 	49°50'27" N 	125°54'24" W 	
CRISS CREEK NEAR SAVONA 	1912-2014 	BC 	08LF007 	Flow and Level 	50°53'02" N 	120°57'57" W 	479
CROOKED LAKE AT THE OUTLET 	1970-1981 	BC 	08NM163 	Level 	50°03'45" N 	119°12'07" W 	
CRUICKSHANK RIVER NEAR THE MOUTH 	1982-2018 	BC 	08HB074 	Flow and Level 	49°34'43" N 	125°12'50" W 	213
CUSHEON LAKE NEAR GANGES 	1976-1998 	BC 	08HA038 	Level 	48°48'52" N 	123°28'00" W 	
DAIRY CREEK ABOVE TSOTIN LAKE 	2001-2015 	BC 	08LF100 	Flow and Level 	50°50'26" N 	121°09'15" W 	10.6
DASH CREEK ABOVE CHURN CREEK 	2000-2014 	BC 	08MD035 	Flow and Level 	51°14'41" N 	122°55'18" W 	
DAVIS LAKE NEAR THALIA 	1973-1976 	BC 	08NL061 	Level 	49°51'28" N 	120°43'35" W 	
DEADMAN RIVER ABOVE CRISS CREEK 	1913-2014 	BC 	08LF027 	Flow and Level 	50°53'53" N 	120°58'33" W 	878
DEAN RIVER BELOW TANSWANKET CREEK 	1959-2017 	BC 	08FC003 	Flow and Level 	52°53'22" N 	125°46'16" W 	3,720
DEASE LAKE NEAR TELEGRAPH CREEK 	1943-1995 	BC 	10AC001 	Level 	58°27'35" N 	130°02'12" W 	
DEER CREEK AT DEER PARK 	1958-2017 	BC 	08NE087 	Flow and Level 	49°26'54" N 	118°02'31" W 	81.6
DEER LAKE NEAR NORTH BURNABY 	1960-1964 	BC 	08MH069 	Level 	49°14'10" N 	122°57'55" W 	
DENNIS CREEK NEAR 1780 METRE CONTOUR 	1985-2016 	BC 	08NM242 	Flow and Level 	49°37'26" N 	119°22'52" W 	3.73
DICKEBUSCH CREEK NEAR THE MOUTH 	1978-2014 	BC 	07FB004 	Flow and Level 	55°32'16" N 	121°35'48" W 	82.4
DORE RIVER NEAR MCBRIDE 	1915-2013 	BC 	08KA001 	Flow and Level 	53°18'33" N 	120°14'56" W 	409
DOVE CREEK NEAR THE MOUTH 	1985-2018 	BC 	08HB075 	Flow and Level 	49°44'11" N 	125°05'08" W 	41.1
DRIFTWOOD RIVER ABOVE KASTBERG CREEK 	1979-2018 	BC 	08JD006 	Flow and Level 	55°58'34" N 	126°40'39" W 	403
DUCK CREEK NEAR WYNNDEL 	1921-2017 	BC 	08NH016 	Flow and Level 	49°12'09" N 	116°32'02" W 	57.0
DUCK LAKE NEAR SIRDAR 	1951-2003 	BC 	08NH107 	Level 	49°15'31" N 	116°38'46" W 	
DUHAMEL CREEK ABOVE DIVERSIONS 	1922-2017 	BC 	08NJ026 	Flow and Level 	49°35'25" N 	117°14'32" W 	52.9
DUNCAN LAKE AT HOWSER 	1915-1967 	BC 	08NH110 	Level 	50°18'15" N 	116°56'20" W 	
DUNCAN RESERVOIR AT DUNCAN DAM 	1967-2018 	BC 	08NH127 	Level 	50°15'19" N 	116°56'54" W 	
DUNCAN RIVER BELOW B.B. CREEK 	1962-2018 	BC 	08NH119 	Flow and Level 	50°38'15" N 	117°02'52" W 	1,310
DUNCAN RIVER BELOW LARDEAU RIVER 	1963-2018 	BC 	08NH118 	Flow and Level 	50°13'58" N 	116°57'18" W 	4,080
DUNCAN RIVER NEAR ARGENTA 	1951-1953 	BC 	08NH108 	Level 	50°15'10" N 	116°56'25" W 	2,160
EAGLE RIVER NEAR MALAKWA 	1913-2017 	BC 	08LE024 	Flow and Level 	50°56'10" N 	118°48'05" W 	932
EAST CANOE CREEK ABOVE DAM 	1983-2014 	BC 	08LE108 	Flow and Level 	50°41'47" N 	119°11'46" W 	20.8
ELAHO RIVER NEAR THE MOUTH 	1981-2017 	BC 	08GA071 	Flow and Level 	50°06'50" N 	123°25'42" W 	1,200
ELK RIVER ABOVE CAMPBELL LAKE 	1991-2018 	BC 	08HD018 	Flow and Level 	49°51'26" N 	125°48'45" W 	132
ELK RIVER AT ELKO 	1946-1965 	BC 	08NK001 	Level 	49°16'50" N 	115°05'55" W 	3,550
ELK RIVER AT FERNIE 	1925-2017 	BC 	08NK002 	Flow and Level 	49°30'12" N 	115°04'12" W 	3,090
ELK RIVER BELOW ELKO DAM DIVERSION 	2009-2018 	BC 	08NK030 	Flow and Level 	49°17'17" N 	115°06'13" W 	
ELK RIVER NEAR NATAL 	1950-2017 	BC 	08NK016 	Flow and Level 	49°51'56" N 	114°52'07" W 	1,840
ELLISON LAKE NEAR WINFIELD 	1968-1980 	BC 	08NM067 	Level 	49°59'05" N 	119°23'47" W 	
ENGLISHMAN RIVER NEAR PARKSVILLE 	1913-2018 	BC 	08HB002 	Flow and Level 	49°18'57" N 	124°17'06" W 	319
ENOS LAKE NEAR NANOOSE BAY 	1962-1978 	BC 	08HB031 	Level 	49°17'13" N 	124°09'32" W 	
EUTSUK RIVER AT OUTLET OF EUTSUK LAKE 	1993-2013 	BC 	08JA028 	Flow and Level 	53°14'03" N 	126°06'43" W 	
EWART CREEK NEAR CATHEDRAL PARK 	1998-2016 	BC 	08NL076 	Flow and Level 	49°07'57" N 	120°02'16" W 	
EXCHAMSIKS RIVER NEAR TERRACE 	1962-2017 	BC 	08EG012 	Flow and Level 	54°21'43" N 	129°18'46" W 	370
FINLAY RIVER ABOVE AKIE RIVER 	1978-2014 	BC 	07EA005 	Flow and Level 	57°07'34" N 	125°14'59" W 	15,600
FISH LAKE AT THE OUTLET 	1973-1977 	BC 	08NM215 	Level 	49°48'18" N 	119°11'34" W 	
FISHTRAP CREEK AT INTERNATIONAL BOUNDARY 	1984-2015 	BC 	08MH153 	Flow and Level 	49°00'08" N 	122°24'25" W 	19.0
FISHTRAP CREEK NEAR MCLURE 	1915-2014 	BC 	08LB024 	Flow and Level 	51°07'19" N 	120°12'32" W 	135
FITZSIMMONS CREEK BELOW BLACKCOMB CREEK 	1993-2016 	BC 	08MG026 	Flow and Level 	50°07'12" N 	122°56'55" W 	89.7
FIVE MILE CREEK ABOVE CITY INTAKE 	1983-2015 	BC 	08NJ168 	Flow and Level 	49°31'06" N 	117°12'41" W 	47.7
FLATBED CREEK AT KILOMETRE 110 HERITAGE HIGHWAY 	1982-2014 	BC 	07FB009 	Flow and Level 	55°05'24" N 	120°56'30" W 	486
FONTAS RIVER NEAR THE MOUTH 	1988-2016 	BC 	10CA001 	Flow and Level 	58°16'16" N 	121°27'50" W 	7,400
FORD LAKE ON SALTSPRING ISLAND 	1981-1984 	BC 	08HA049 	Level 	48°47'40" N 	123°28'25" W 	
FORDING RIVER AT THE MOUTH 	1970-2017 	BC 	08NK018 	Flow and Level 	49°53'38" N 	114°51'59" W 	621
FRANCOIS LAKE AT FRANCOIS LAKE 	1974-1995 	BC 	08JB011 	Level 	54°03'05" N 	125°45'16" W 	
FRANCOIS LAKE AT SOUTHBANK 	1935-1974 	BC 	08JB001 	Level 	54°01'30" N 	125°45'55" W 	
FRASER LAKE AT LEJAC 	1950-1978 	BC 	08JB005 	Level 	54°03'52" N 	124°45'48" W 	
FRASER RIVER ABOVE TEXAS CREEK 	1951-2015 	BC 	08MF040 	Flow and Level 	50°36'49" N 	121°51'12" W 	154,000
FRASER RIVER AT CATHMAR (ABOVE HELLS GATE) 	1927-1931 	BC 	08MF028 	Level 	49°47'07" N 	121°26'59" W 	
FRASER RIVER AT HANSARD 	1952-2014 	BC 	08KA004 	Flow and Level 	54°04'43" N 	121°51'01" W 	18,000
FRASER RIVER AT HARRISON MILLS 	2012-2017 	BC 	08MF073 	Level 	49°13'05" N 	121°56'49" W 	
FRASER RIVER AT HATZIC LAKE PUMPHOUSE 	1960-1964 	BC 	08MH071 	Level 	49°08'46" N 	122°14'47" W 	
FRASER RIVER AT HOPE 	1912-2016 	BC 	08MF005 	Flow and Level 	49°23'09" N 	121°27'15" W 	217,000
FRASER RIVER AT LAIDLAW 	2012-2017 	BC 	08MF072 	Level 	49°19'03" N 	121°37'45" W 	
FRASER RIVER AT LILLOOET 	1943-1969 	BC 	08ME019 	Level 	50°42'35" N 	121°54'45" W 	
FRASER RIVER AT MCBRIDE 	1953-2018 	BC 	08KA005 	Flow and Level 	53°18'06" N 	120°08'27" W 	6,890
FRASER RIVER AT MISSION 	1965-2014 	BC 	08MH024 	Flow and Level 	49°07'39" N 	122°18'10" W 	228,000
FRASER RIVER AT PORT MANN PUMPING STATION 	1965-2006 	BC 	08MH126 	Flow and Level 	49°13'04" N 	122°49'28" W 	232,000
FRASER RIVER AT PRINCE GEORGE 	1947-1968 	BC 	08KE001 	Level 	53°54'45" N 	122°42'42" W 	79,500
FRASER RIVER AT QUESNEL 	1941-1994 	BC 	08KE002 	Level 	52°58'28" N 	122°29'49" W 	97,900
FRASER RIVER AT RED PASS 	1955-2016 	BC 	08KA007 	Flow and Level 	52°59'10" N 	119°00'24" W 	1,710
FRASER RIVER AT SHELLEY 	1950-2014 	BC 	08KB001 	Flow and Level 	54°00'13" N 	122°37'29" W 	32,400
FRASER RIVER AT SOUTH FORT GEORGE 	1968-2017 	BC 	08KE018 	Level 	53°54'02" N 	122°44'05" W 	79,900
FRASER RIVER AT WAHLEACH POWER HOUSE 	1960-1964 	BC 	08MF047 	Level 	49°14'15" N 	121°41'00" W 	
FRASER RIVER BELOW SETON RIVER 	1929-1942 	BC 	08MF017 	Level 	50°40'40" N 	121°55'20" W 	
FRASER RIVER NEAR AGASSIZ 	1949-2017 	BC 	08MF035 	Level 	49°12'13" N 	121°46'33" W 	218,000
FRASER RIVER NEAR CHILLIWACK 	1933-1950 	BC 	08MF064 	Level 	49°11'56" N 	121°57'05" W 	
FRASER RIVER NEAR MARGUERITE 	1950-2015 	BC 	08MC018 	Flow and Level 	52°31'49" N 	122°26'39" W 	114,000
FRY CREEK BELOW CARNEY CREEK 	1973-2017 	BC 	08NH130 	Flow and Level 	50°04'55" N 	116°47'05" W 	585
FULTON LAKE NEAR SMITHERS 	1964-1973 	BC 	08EC007 	Level 	54°48'15" N 	126°12'40" W 	
GARBAGE CREEK NEAR THE MOUTH 	1997-2018 	BC 	08HA068 	Flow and Level 	48°34'42" N 	124°06'20" W 	2.88
GARIBALDI LAKE NEAR GARIBALDI 	1932-1934 	BC 	08GA032 	Level 	49°56'45" N 	123°03'16" W 	
GARNET LAKE NEAR SUMMERLAND 	1973-1981 	BC 	08NM227 	Level 	49°41'11" N 	119°46'29" W 	
GASPARD LAKE ABOVE OUTLET 	1982-1994 	BC 	08MD031 	Level 	51°28'39" N 	122°44'41" W 	
GOATHORN CREEK NEAR TELKWA 	1960-2017 	BC 	08EE008 	Flow and Level 	54°38'54" N 	127°07'23" W 	125
GOLD RIVER ABOVE PALMER CREEK 	1973-2017 	BC 	08NB014 	Flow and Level 	51°40'40" N 	117°43'06" W 	429
GOLD RIVER BELOW UCONA RIVER 	1956-2018 	BC 	08HC001 	Flow and Level 	49°42'08" N 	126°06'41" W 	992
GOLDSTREAM RIVER BELOW OLD CAMP CREEK 	1954-2018 	BC 	08ND012 	Flow and Level 	51°40'07" N 	118°35'46" W 	934
GRAFTON LAKE ON BOWEN ISLAND 	1979-1981 	BC 	08GA069 	Level 	49°22'25" N 	123°21'50" W 	
GRAHAM LAKE ON DENMAN ISLAND 	1977-1981 	BC 	08HB056 	Level 	49°30'41" N 	124°45'04" W 	
GRAHAM RIVER ABOVE COLT CREEK 	1981-2014 	BC 	07FA005 	Flow and Level 	56°27'35" N 	122°21'16" W 	2,140
GRANBY RIVER AT GRAND FORKS 	1914-2015 	BC 	08NN002 	Flow and Level 	49°02'35" N 	118°26'25" W 	2,060
GRAYSTOKE LAKE AT THE OUTLET 	1977-1998 	BC 	08NM230 	Level 	49°59'08" N 	118°52'15" W 	
GREATA CREEK NEAR THE MOUTH 	1970-2015 	BC 	08NM173 	Flow and Level 	49°47'40" N 	119°51'07" W 	40.7
GREEN LAKE NEAR 70 MILE HOUSE 	1969-1995 	BC 	08LF075 	Level 	51°26'30" N 	121°08'30" W 	
GREYBACK LAKE AT THE OUTLET 	1970-1987 	BC 	08NM169 	Level 	49°37'30" N 	119°25'24" W 	
GRIZZLY SWAMP NEAR HADDO LAKE 	1978-1986 	BC 	08LC047 	Level 	50°05'20" N 	119°05'00" W 	
GUICHON CREEK ABOVE TUNKWA LAKE DIVERSION 	1967-2014 	BC 	08LG056 	Flow and Level 	50°36'28" N 	120°54'39" W 	78.2
GUICHON CREEK AT OUTLET OF MAMIT LAKE 	1936-2015 	BC 	08LG041 	Flow and Level 	50°21'40" N 	120°48'35" W 	871
GUICHON CREEK AT THE MOUTH 	1984-2015 	BC 	08LG067 	Flow and Level 	50°08'45" N 	120°52'56" W 	1,230
HADDO LAKE AT THE OUTLET 	1968-1986 	BC 	08LC044 	Level 	50°05'40" N 	119°05'03" W 	
HALFWAY RIVER ABOVE GRAHAM RIVER 	1977-2014 	BC 	07FA003 	Flow and Level 	56°30'32" N 	122°14'35" W 	3,780
HALFWAY RIVER NEAR FARRELL CREEK 	1981-2014 	BC 	07FA006 	Flow and Level 	56°15'02" N 	121°37'42" W 	9,340
HARPER CREEK NEAR THE MOUTH 	1973-2016 	BC 	08LB076 	Flow and Level 	51°21'15" N 	119°52'53" W 	166
HARRIS CREEK NEAR LAKE COWICHAN 	1997-2018 	BC 	08HA070 	Flow and Level 	48°43'09" N 	124°13'33" W 	28.0
HARRISON LAKE NEAR HARRISON HOT SPRINGS 	1933-2016 	BC 	08MG012 	Level 	49°18'33" N 	121°46'25" W 	
HARRISON RIVER AT HARRISON MILLS 	1938-2015 	BC 	08MG014 	Level 	49°14'04" N 	121°57'33" W 	
HARRISON RIVER BELOW MORRIS CREEK 	1973-2016 	BC 	08MG022 	Level 	49°17'06" N 	121°54'15" W 	7,950
HATZIC LAKE AT PUMPHOUSE 	1960-1964 	BC 	08MH075 	Level 	49°08'40" N 	122°14'00" W 	
HATZIC LAKE NEAR HATZIC 	1960-1964 	BC 	08MH074 	Level 	49°10'15" N 	122°14'40" W 	
HAYWARD LAKE ABOVE RUSKIN DAM 	2008-2017 	BC 	08MH167 	Level 	49°11'52" N 	122°24'26" W 	
HEBER DIVERSION NEAR GOLD RIVER 	1997-2011 	BC 	08HC007 	Level 	49°51'16" N 	125°57'08" W 	
HEBER RIVER NEAR GOLD RIVER 	1993-2019 	BC 	08HC005 	Flow and Level 	49°48'55" N 	125°59'18" W 	60.0
HEDLEY CREEK NEAR THE MOUTH 	1973-2016 	BC 	08NL050 	Flow and Level 	49°21'51" N 	120°04'07" W 	388
HEFFLEY LAKE NEAR HEFFLEY CREEK 	1960-1968 	BC 	08LB066 	Level 	50°50'00" N 	120°02'43" W 	
HIDDEN CREEK NEAR THE MOUTH 	1973-2017 	BC 	08NE114 	Flow and Level 	49°14'04" N 	117°14'21" W 	56.7
HIRSCH CREEK NEAR THE MOUTH 	1966-2016 	BC 	08FF002 	Flow and Level 	54°03'50" N 	128°36'09" W 	353
HOBSON LAKE NEAR CLEARWATER STATION 	1960-1983 	BC 	08LA014 	Level 	52°25'30" N 	120°19'32" W 	
HOGGAN LAKE ON GABRIOLA ISLAND 	1972-1978 	BC 	08HB053 	Level 	49°09'12" N 	123°49'34" W 	
HOLDEN LAKE NEAR NANAIMO 	1980-1985 	BC 	08HB071 	Level 	49°06'32" N 	123°49'45" W 	
HOMATHKO RIVER AT INLET TO TATLAYOKO LAKE 	1968-2014 	BC 	08GD008 	Flow and Level 	51°40'23" N 	124°24'26" W 	486
HOMATHKO RIVER AT THE MOUTH 	1957-2017 	BC 	08GD004 	Flow and Level 	50°59'10" N 	124°55'07" W 	5,680
HONNA RIVER NEAR THE MOUTH 	1985-2017 	BC 	08OA004 	Flow and Level 	53°15'09" N 	132°08'16" W 	45.3
HORNE LAKE NEAR BOWSER 	1958-1962 	BC 	08HB021 	Level 	49°20'33" N 	124°39'32" W 	
HORSE LAKE NEAR 100 MILE HOUSE 	1969-1984 	BC 	08LA017 	Level 	51°36'06" N 	121°11'32" W 	
HORSEFLY RIVER ABOVE MCKINLEY CREEK 	1955-2017 	BC 	08KH010 	Flow and Level 	52°17'29" N 	121°04'01" W 	790
HORSEFLY RIVER ABOVE QUESNEL LAKE 	2004-2016 	BC 	08KH031 	Flow and Level 	52°26'39" N 	121°25'05" W 	
HORSESHOE RIVER ABOVE LOIS LAKE 	2007-2018 	BC 	08GB014 	Flow and Level 	49°52'40" N 	124°16'42" W 	135
HOSMER CREEK ABOVE DIVERSIONS 	1981-2018 	BC 	08NK026 	Flow and Level 	49°35'03" N 	114°57'14" W 	6.40
HUMPHRIES CREEK NEAR TROUT LAKE 	1998-2014 	BC 	08NH138 	Flow and Level 	50°38'10" N 	117°32'41" W 	8.84
HURLEY RIVER BELOW LONE GOAT CREEK 	1996-2017 	BC 	08ME027 	Flow and Level 	50°43'51" N 	122°56'31" W 	312
ICY CREEK NEAR THE MOUTH 	1998-2016 	BC 	08GE003 	Flow and Level 	51°13'39" N 	125°40'17" W 	23.0
IDEAL LAKE NEAR THE OUTLET 	1963-1980 	BC 	08NM231 	Level 	50°00'39" N 	119°05'46" W 	
ILLECILLEWAET RIVER AT GREELEY 	1963-2017 	BC 	08ND013 	Flow and Level 	51°00'45" N 	118°05'06" W 	1,150
INGENIKA RIVER ABOVE SWANNELL RIVER 	1977-2014 	BC 	07EA004 	Flow and Level 	56°43'50" N 	125°06'18" W 	4,140
INKANEEP CREEK NEAR THE MOUTH 	1973-2015 	BC 	08NM200 	Flow and Level 	49°04'40" N 	119°30'07" W 	227
INONOAKLIN CREEK ABOVE VALLEY CREEK 	1971-2015 	BC 	08NE110 	Flow and Level 	49°53'49" N 	118°11'23" W 	298
ISKUT RIVER ABOVE FORREST KERR CREEK 	1981-1984 	BC 	08CG007 	Level 	56°44'30" N 	130°36'50" W 	6,290
ISKUT RIVER BELOW JOHNSON RIVER 	1959-2017 	BC 	08CG001 	Flow and Level 	56°44'03" N 	131°40'08" W 	9,500
ISSITZ LAKE NEAR PRINCETON 	1968-1981 	BC 	08NL042 	Level 	49°25'42" N 	120°20'48" W 	
JACOBS LAKE NEAR HANEY 	1968-1977 	BC 	08MH125 	Level 	49°18'35" N 	122°32'53" W 	
JOE ROSS CREEK NEAR THE MOUTH 	1984-2015 	BC 	08LF094 	Flow and Level 	51°09'08" N 	120°51'29" W 	98.9
JUMP CREEK AT THE MOUTH 	1970-2018 	BC 	08HB041 	Flow and Level 	49°01'29" N 	124°11'12" W 	62.2
KALAMALKA LAKE AT OUTLET OF OYAMA CANAL 	1971-1979 	BC 	08NM183 	Level 	50°06'43" N 	119°22'47" W 	
KALAMALKA LAKE AT VERNON PUMPHOUSE 	1967-2015 	BC 	08NM143 	Level 	50°13'47" N 	119°16'25" W 	
KAMLOOPS LAKE AT SAVONA 	1947-1978 	BC 	08LF046 	Level 	50°45'10" N 	120°50'50" W 	
KAMLOOPS LAKE NEAR KAMLOOPS 	1978-1996 	BC 	08LF085 	Level 	50°42'26" N 	120°32'03" W 	
KANAKA CREEK NEAR WEBSTER CORNERS 	1960-2017 	BC 	08MH076 	Flow and Level 	49°12'25" N 	122°32'11" W 	47.7
KASLO RIVER BELOW KEMP CREEK 	1914-2017 	BC 	08NH005 	Flow and Level 	49°54'27" N 	116°57'12" W 	442
KATHLYN LAKE NEAR SMITHERS 	1968-1980 	BC 	08EE011 	Level 	54°49'03" N 	127°11'55" W 	
KEEN CREEK BELOW KYAWATS CREEK 	1973-2017 	BC 	08NH132 	Flow and Level 	49°52'21" N 	117°07'19" W 	92.3
KELLY CREEK NEAR STEWART 	1997-2017 	BC 	08DA012 	Flow and Level 	56°17'33" N 	129°13'46" W 	8.64
KEMANO RIVER ABOVE POWERHOUSE TAILRACE 	1971-2017 	BC 	08FE003 	Flow and Level 	53°33'48" N 	127°57'08" W 	556
KEMP LAKE NEAR SOOKE 	1982-1989 	BC 	08HA052 	Level 	48°22'52" N 	123°46'40" W 	
KEOGH RIVER NEAR PORT HARDY 	2016-2017 	BC 	08HF014 	Flow and Level 	50°40'19" N 	127°20'55" W 	
KEREMEOS CREEK BELOW WILLIS INTAKE 	1971-2016 	BC 	08NL045 	Flow and Level 	49°15'32" N 	119°49'32" W 	181
KETTLE RIVER AT CASCADE 	1944-1962 	BC 	08NN006 	Level 	49°01'25" N 	118°12'30" W 	8,960
KETTLE RIVER NEAR GRAND FORKS 	1974-1991 	BC 	08NN024 	Level 	49°01'18" N 	118°24'39" W 	8,830
KETTLE RIVER NEAR WESTBRIDGE 	1975-2016 	BC 	08NN026 	Flow and Level 	49°13'48" N 	118°55'41" W 	2,140
KICKING HORSE RIVER AT GOLDEN 	1911-2017 	BC 	08NA006 	Flow and Level 	51°18'04" N 	116°58'19" W 	1,850
KILLARNEY LAKE ON BOWEN ISLAND 	1979-1981 	BC 	08GA070 	Level 	49°23'20" N 	123°21'05" W 	
KINASKAN LAKE NEAR TELEGRAPH CREEK 	1964-1980 	BC 	08CG002 	Level 	57°32'08" N 	130°12'37" W 	
KINBASKET LAKE AT MICA DAM 	1974-2018 	BC 	08ND017 	Level 	52°04'41" N 	118°33'42" W 	
KINBASKET LAKE BELOW GARRETT CREEK 	1980-2017 	BC 	08NB017 	Level 	51°53'26" N 	117°54'43" W 	
KINGCOME RIVER BELOW ATLATZI RIVER 	2012-2017 	BC 	08GF009 	Level 	51°00'09" N 	126°07'04" W 	
KISKATINAW RIVER NEAR FARMINGTON 	1944-2016 	BC 	07FD001 	Flow and Level 	55°57'26" N 	120°33'51" W 	3,630
KISPIOX RIVER NEAR HAZELTON 	1963-2017 	BC 	08EB004 	Flow and Level 	55°26'01" N 	127°42'58" W 	1,880
KITIMAT RIVER BELOW HIRSCH CREEK 	1964-2017 	BC 	08FF001 	Flow and Level 	54°02'55" N 	128°41'25" W 	1,990
KLASKISH RIVER NEAR KLASKINO INLET 	1998-2018 	BC 	08HE009 	Flow and Level 	50°17'24" N 	127°41'52" W 	33.3
KLINAKLINI RIVER EAST CHANNEL (MAIN) NEAR THE MOUTH 	1977-2017 	BC 	08GE002 	Flow and Level 	51°08'41" N 	125°35'39" W 	5,780
KLOIYA RIVER NEAR PRINCE RUPERT 	1964-2017 	BC 	08EG016 	Flow and Level 	54°14'49" N 	130°10'22" W 	104
KOKSILAH RIVER AT COWICHAN STATION 	1914-2018 	BC 	08HA003 	Flow and Level 	48°43'40" N 	123°40'14" W 	209
KOOTENAY LAKE AT KASLO 	1929-1932 	BC 	08NH024 	Level 	49°54'51" N 	116°54'25" W 	
KOOTENAY LAKE AT KUSKONOOK 	1936-2018 	BC 	08NH067 	Level 	49°17'55" N 	116°39'34" W 	
KOOTENAY LAKE AT PROCTER (GAUGE NO. 24) 	1923-1948 	BC 	08NH018 	Level 	49°37'16" N 	116°57'28" W 	
KOOTENAY LAKE AT QUEENS BAY 	1931-2017 	BC 	08NH064 	Level 	49°39'14" N 	116°55'49" W 	
KOOTENAY LAKE NEAR BALFOUR (GAUGE NO. 20) 	1929-1949 	BC 	08NJ080 	Level 	49°37'00" N 	117°00'14" W 	
KOOTENAY LAKE NEAR BALFOUR (GAUGE NO. 21) 	1929-1949 	BC 	08NJ081 	Level 	49°37'09" N 	116°59'24" W 	
KOOTENAY LAKE NEAR BALFOUR (GAUGE NO. 22) 	1929-1949 	BC 	08NJ082 	Level 	49°37'18" N 	116°58'45" W 	
KOOTENAY LAKE NEAR BALFOUR (GAUGE NO. 25) 	1929-1933 	BC 	08NH053 	Level 	49°37'48" N 	116°56'41" W 	
KOOTENAY LAKE NEAR BALFOUR (GAUGE NO. 26) 	1929-1949 	BC 	08NJ096 	Level 	49°37'18" N 	116°58'29" W 	
KOOTENAY LAKE NEAR HARROP (GAUGE NO. 18) 	1929-1948 	BC 	08NJ087 	Level 	49°36'45" N 	117°03'27" W 	
KOOTENAY LAKE NEAR HARROP (GAUGE NO. 19) 	1929-1949 	BC 	08NJ088 	Level 	49°36'11" N 	117°01'34" W 	
KOOTENAY LAKE NEAR NELSON (GAUGE NO. 11) 	1929-1948 	BC 	08NJ076 	Level 	49°32'59" N 	117°15'21" W 	
KOOTENAY LAKE NEAR NELSON (GAUGE NO. 12) 	1929-1948 	BC 	08NJ077 	Level 	49°33'54" N 	117°14'19" W 	
KOOTENAY LAKE NEAR NELSON (GAUGE NO. 13) 	1929-1949 	BC 	08NJ078 	Level 	49°34'46" N 	117°12'58" W 	
KOOTENAY LAKE NEAR NELSON (GAUGE NO. 14) 	1929-1949 	BC 	08NJ079 	Level 	49°35'48" N 	117°10'42" W 	
KOOTENAY LAKE NEAR NELSON (GAUGE NO. 15) 	1929-1949 	BC 	08NJ084 	Level 	49°36'12" N 	117°09'40" W 	
KOOTENAY LAKE NEAR NELSON (GAUGE NO. 16) 	1929-1949 	BC 	08NJ085 	Level 	49°36'28" N 	117°08'28" W 	
KOOTENAY LAKE NEAR NELSON (GAUGE NO. 17) 	1929-1949 	BC 	08NJ086 	Level 	49°36'37" N 	117°06'44" W 	
KOOTENAY RIVER (EAST BRANCH) NEAR SIRDAR 	1947-1955 	BC 	08NH098 	Level 	49°11'13" N 	116°37'38" W 	
KOOTENAY RIVER ABOVE CORRA LINN 	1932-2003 	BC 	08NJ113 	Level 	49°28'10" N 	117°28'02" W 	
KOOTENAY RIVER AT BRILLIANT (FOREBAY) 	1945-1950 	BC 	08NJ128 	Level 	49°19'32" N 	117°37'10" W 	
KOOTENAY RIVER AT CRESTON FERRY 	1925-1973 	BC 	08NH028 	Level 	49°05'06" N 	116°34'45" W 	
KOOTENAY RIVER AT DUCK SLOUGH (INSIDE DYKE) 	1946-1950 	BC 	08NH092 	Level 	49°10'21" N 	116°33'33" W 	
KOOTENAY RIVER AT DUCK SLOUGH (OUTSIDE DYKE) 	1946-1950 	BC 	08NH093 	Level 	49°10'21" N 	116°33'33" W 	
KOOTENAY RIVER AT FORT STEELE 	1963-2017 	BC 	08NG065 	Flow and Level 	49°36'43" N 	115°38'07" W 	11,500
KOOTENAY RIVER AT GOAT SLOUGH (INSIDE DYKE) 	1946-1950 	BC 	08NH095 	Level 	49°09'22" N 	116°35'17" W 	
KOOTENAY RIVER AT GOAT SLOUGH (OUTSIDE DYKE) 	1946-1950 	BC 	08NH096 	Level 	49°09'22" N 	116°35'17" W 	
KOOTENAY RIVER AT KOOTENAY CROSSING 	1939-2017 	BC 	08NF001 	Flow and Level 	50°53'13" N 	116°02'45" W 	416
KOOTENAY RIVER AT KOOTENAY LANDING 	1930-1971 	BC 	08NH062 	Level 	49°15'08" N 	116°40'59" W 	
KOOTENAY RIVER AT NELSON 	1913-2003 	BC 	08NJ009 	Level 	49°30'33" N 	117°16'46" W 	45,300
KOOTENAY RIVER AT NICKS ISLAND 	1970-1987 	BC 	08NH129 	Level 	49°07'02" N 	116°34'39" W 	
KOOTENAY RIVER AT SIX MILE LAKE 	1930-1950 	BC 	08NH060 	Level 	49°15'10" N 	116°40'41" W 	
KOOTENAY RIVER AT SLOUGH BRIDGE 	1925-1971 	BC 	08NH026 	Level 	49°15'40" N 	116°38'52" W 	
KOOTENAY RIVER BELOW CORRA LINN 	1932-2003 	BC 	08NJ114 	Level 	49°28'08" N 	117°28'05" W 	
KOOTENAY RIVER NEAR CRESTON (WELL NO. 436) 	1946-1950 	BC 	08NH094 	Level 	49°09'01" N 	116°35'55" W 	
KOOTENAY RIVER NEAR NELSON (GAUGE NO. 1) 	1928-1948 	BC 	08NJ089 	Level 	49°29'37" N 	117°20'03" W 	
KOOTENAY RIVER NEAR NELSON (GAUGE NO. 2) 	1928-1939 	BC 	08NJ090 	Level 	49°29'38" N 	117°20'15" W 	
KOOTENAY RIVER NEAR NELSON (GAUGE NO. 3) 	1928-1948 	BC 	08NJ091 	Level 	49°29'49" N 	117°20'54" W 	
KOOTENAY RIVER NEAR NELSON (GAUGE NO. 7) 	1929-1948 	BC 	08NJ073 	Level 	49°29'47" N 	117°20'39" W 	
KOOTENAY RIVER NEAR NELSON (GAUGE NO. 8) 	1929-1948 	BC 	08NJ074 	Level 	49°29'57" N 	117°21'39" W 	
KOOTENAY RIVER NEAR TAGHUM (GAUGE NO. 4) 	1928-1948 	BC 	08NJ092 	Level 	49°29'47" N 	117°22'29" W 	
KOOTENAY RIVER NEAR TAGHUM (GAUGE NO. 9) 	1929-1933 	BC 	08NJ075 	Level 	49°29'53" N 	117°22'10" W 	
KSEDIN TRIBUTARY NO. 2 CREEK NEAR NEW AIYANSH 	1997-2017 	BC 	08DB014 	Flow and Level 	55°01'05" N 	129°20'40" W 	18.0
KUSKANAX CREEK NEAR NAKUSP 	1914-2015 	BC 	08NE006 	Flow and Level 	50°16'58" N 	11°74'44" W 	330
LAC LA HACHE NEAR LAC LA HACHE 	1955-1979 	BC 	08MC009 	Level 	51°50'54" N 	121°35'13" W 	
LAKE KOOCANUSA AT INTERNATIONAL BOUNDARY 	1974-1996 	BC 	08NG079 	Level 	48°59'59" N 	115°10'12" W 	
LARDEAU RIVER AT MARBLEHEAD 	1917-2018 	BC 	08NH007 	Flow and Level 	50°15'46" N 	116°58'05" W 	1,640
LAVENTIE CREEK NEAR THE MOUTH 	1976-2018 	BC 	08JA015 	Flow and Level 	53°39'07" N 	127°32'15" W 	86.5
LEMIEUX CREEK NEAR THE MOUTH 	1977-2016 	BC 	08LB078 	Flow and Level 	51°25'39" N 	120°12'07" W 	443
LEMON CREEK ABOVE SOUTH LEMON CREEK 	1973-2017 	BC 	08NJ160 	Flow and Level 	49°41'49" N 	117°26'45" W 	181
LESSER GARIBALDI LAKE NEAR GARIBALDI 	1932-1934 	BC 	08GA034 	Level 	49°56'45" N 	123°04'25" W 	
LIARD RIVER AT LOWER CROSSING 	1944-2016 	BC 	10BE001 	Flow and Level 	59°24'45" N 	126°05'50" W 	104,000
LIGHTNING LAKE NEAR MANNING PARK 	1973-1979 	BC 	08PA010 	Level 	49°03'44" N 	120°49'34" W 	
LILLOOET LAKE NEAR PEMBERTON 	1971-2017 	BC 	08MG020 	Level 	50°14'25" N 	122°28'52" W 	
LILLOOET RIVER AT TENAS NARROWS 	2012-2017 	BC 	08MG027 	Flow and Level 	50°05'29" N 	122°32'11" W 	
LILLOOET RIVER NEAR PEMBERTON 	1914-2017 	BC 	08MG005 	Flow and Level 	50°20'09" N 	122°48'00" W 	2,100
LINDEMAN LAKE NEAR BENNETT 	1950-1993 	BC 	09AA003 	Level 	59°50'00" N 	135°00'46" W 	
LINE CREEK AT THE MOUTH 	1971-2017 	BC 	08NK022 	Flow and Level 	49°53'29" N 	114°50'00" W 	138
LINGFIELD CREEK NEAR THE MOUTH 	1974-2014 	BC 	08MA006 	Flow and Level 	51°40'25" N 	124°08'43" W 	98.8
LITTLE OYSTER RIVER AT YORKE ROAD 	1994-2017 	BC 	08HD023 	Flow and Level 	49°54'41" N 	125°13'55" W 	38.0
LITTLE QUALICUM RIVER NEAR QUALICUM BEACH 	1960-2017 	BC 	08HB029 	Flow and Level 	49°21'16" N 	124°29'00" W 	237
LITTLE SHUSWAP LAKE AT CHASE 	1949-1987 	BC 	08LE057 	Level 	50°49'42" N 	119°40'28" W 	
LITTLE SWIFT RIVER AT THE MOUTH 	1971-2016 	BC 	08KE024 	Flow and Level 	52°54'53" N 	121°46'02" W 	127
LITTLE WEDEENE RIVER BELOW BOWBYES CREEK 	1966-2017 	BC 	08FF003 	Flow and Level 	54°08'11" N 	128°41'24" W 	180
LONG LAKE NEAR WELLINGTON 	1962-1978 	BC 	08HB028 	Level 	49°12'47" N 	124°01'34" W 	
LONG MEADOW LAKE RESERVOIR ABOVE THE DAM 	1973-1977 	BC 	08NM217 	Level 	49°48'23" N 	119°10'24" W 	
LORNE LAKE NEAR PRINCETON 	1973-1975 	BC 	08NL064 	Level 	49°24'18" N 	120°24'53" W 	
LOST HORSE CREEK NEAR CHRISTIAN VALLEY 	1998-2016 	BC 	08NN028 	Flow and Level 	49°21'56" N 	118°50'57" W 	28.5
LOWER ARROW LAKE AT NEEDLES 	1930-1968 	BC 	08NE046 	Level 	49°52'27" N 	118°05'35" W 	
M3 CREEK NEAR SMITHERS 	1997-2018 	BC 	08EF006 	Flow and Level 	54°46'41" N 	127°28'09" W 	9.97
MABEL LAKE AT THE OUTLET 	1970-1979 	BC 	08LC038 	Level 	50°36'10" N 	118°44'18" W 	
MACKAY CREEK AT MONTROYAL BOULEVARD 	1970-2017 	BC 	08GA061 	Flow and Level 	49°21'22" N 	123°05'59" W 	3.63
MAHOOD LAKE NEAR CLEARWATER STATION 	1950-1984 	BC 	08LA010 	Level 	51°56'18" N 	120°14'28" W 	
MAMIT LAKE NEAR MERRITT 	1934-1953 	BC 	08LG031 	Level 	50°21'48" N 	120°48'32" W 	
MAMQUAM RIVER ABOVE RING CREEK 	1990-2017 	BC 	08GA075 	Flow and Level 	49°43'33" N 	123°06'07" W 	284
MAMQUAM RIVER NEAR SQUAMISH 	1960-1967 	BC 	08GA048 	Level 	49°43'52" N 	123°08'37" W 	378
MARA LAKE NEAR SICAMOUS 	1961-1974 	BC 	08LC037 	Level 	50°46'35" N 	119°00'16" W 	
MARIA SLOUGH NEAR AGASSIZ 	1954-1954 	BC 	08MF052 	Level 	49°14'50" N 	121°43'55" W 	
MATHER CREEK BELOW HOULE CREEK 	1972-2017 	BC 	08NG076 	Flow and Level 	49°42'49" N 	115°53'48" W 	135
MATSQUI SLOUGH AT MATSQUI 	1960-1971 	BC 	08MH083 	Level 	49°06'35" N 	122°17'30" W 	
MAXWELL LAKE ON SALTSPRING ISLAND 	1982-1985 	BC 	08HA057 	Level 	48°49'30" N 	123°32'15" W 	
MCALISTER CREEK AT THOMPSON SOUND 	1998-2013 	BC 	08GF006 	Flow and Level 	50°47'48" N 	126°00'34" W 	36.9
MCCOY LAKE NEAR ALBERNI 	1981-1985 	BC 	08HB070 	Level 	49°15'54" N 	124°53'03" W 	
MCCULLOCH RESERVOIR AT MCCULLOCH DAM 	1973-1986 	BC 	08NM213 	Level 	49°47'00" N 	119°11'03" W 	
MCGREGOR RIVER AT LOWER CANYON 	1959-2017 	BC 	08KB003 	Flow and Level 	54°13'52" N 	121°40'07" W 	4,780
MCKALE RIVER NEAR 940 M CONTOUR 	1971-2015 	BC 	08KA009 	Flow and Level 	53°26'38" N 	120°13'12" W 	253
MCKELVIE CREEK ABOVE INTAKE 	1998-2014 	BC 	08HE010 	Flow and Level 	49°56'19" N 	126°38'29" W 	19.6
MCKINLEY CREEK BELOW OUTLET OF MCKINLEY LAKE 	1964-2017 	BC 	08KH020 	Flow and Level 	52°16'51" N 	121°00'04" W 	431
MCQUEEN LAKE AT THE OUTLET 	1984-1991 	BC 	08LB082 	Level 	50°49'49" N 	120°26'15" W 	
MESILINKA RIVER ABOVE GOPHERHOLE CREEK 	1976-2016 	BC 	07EC003 	Flow and Level 	56°14'42" N 	124°38'40" W 	3,060
MILLER SLOUGH NEAR SARDIS 	1943-1943 	BC 	08MH031 	Level 	49°07'39" N 	122°05'02" W 	
MILLSTONE RIVER AT NANAIMO 	1961-2017 	BC 	08HB032 	Flow and Level 	49°10'38" N 	123°58'08" W 	86.2
MISSEZULA LAKE NEAR PRINCETON 	1971-1982 	BC 	08NL046 	Level 	49°46'00" N 	120°30'00" W 	
MISSION CREEK NEAR EAST KELOWNA 	1949-2015 	BC 	08NM116 	Flow and Level 	49°52'40" N 	119°24'48" W 	795
MITCHELL LAKE NEAR KEITHLEY CREEK 	1961-1982 	BC 	08KH015 	Level 	52°50'36" N 	120°44'10" W 	
MOBERLY RIVER NEAR FORT ST. JOHN 	1980-2013 	BC 	07FB008 	Flow and Level 	56°05'33" N 	121°22'00" W 	1,520
MOFFAT CREEK NEAR HORSEFLY 	1964-2018 	BC 	08KH019 	Flow and Level 	52°18'56" N 	121°24'29" W 	548
MONTE LAKE NEAR MONTE LAKE 	1957-1975 	BC 	08LE068 	Level 	50°29'30" N 	119°50'00" W 	
MOON CREEK NEAR THE OUTLET OF MOON LAKE 	2012-2017 	BC 	09AA018 	Flow and Level 	59°50'04" N 	134°41'08" W 	
MOORE LAKE RESERVOIR AT THE DAM 	1973-1986 	BC 	08NM234 	Level 	50°01'30" N 	119°13'00" W 	
MORICE RIVER NEAR HOUSTON 	1961-2018 	BC 	08ED002 	Flow and Level 	54°07'00" N 	127°25'35" W 	1,900
MORKILL RIVER BELOW HELLROARING CREEK 	1998-2017 	BC 	08KA013 	Flow and Level 	53°40'54" N 	120°35'29" W 	1,260
MOSQUITO CREEK NEAR NORTH VANCOUVER 	1974-1977 	BC 	08GA049 	Level 	49°20'39" N 	123°05'12" W 	5.18
MOYIE LAKE AT MOYIE 	1944-1970 	BC 	08NH111 	Level 	49°17'25" N 	115°50'00" W 	
MOYIE RIVER ABOVE NEGRO CREEK 	1964-2016 	BC 	08NH120 	Flow and Level 	49°25'19" N 	115°56'28" W 	239
MULLER CREEK NEAR THE MOUTH 	1977-2015 	BC 	08KB006 	Flow and Level 	54°17'48" N 	120°58'38" W 	103
MURRAY RIVER ABOVE WOLVERINE RIVER 	1977-2014 	BC 	07FB006 	Flow and Level 	55°03'40" N 	121°00'49" W 	2,370
MURRAY RIVER NEAR THE MOUTH 	1977-2015 	BC 	07FB002 	Flow and Level 	55°33'08" N 	121°12'12" W 	5,550
MURTLE RIVER ABOVE DAWSON FALLS 	1921-1925 	BC 	08LA004 	Level 	51°58'46" N 	120°06'13" W 	1,380
MUSKWA RIVER NEAR FORT NELSON 	1944-2014 	BC 	10CD001 	Flow and Level 	58°47'17" N 	122°39'41" W 	20,300
NADINA LAKE NEAR NORALEE 	1964-2018 	BC 	08JB007 	Level 	53°54'14" N 	126°58'15" W 	
NADINA RIVER AT OUTLET OF NADINA LAKE 	1964-2016 	BC 	08JB008 	Flow and Level 	53°54'09" N 	126°57'16" W 	369
NADSILNICH LAKE AT THE OUTLET 	1985-1987 	BC 	08JC016 	Level 	53°44'02" N 	122°51'05" W 	
NAHATLATCH RIVER BELOW TACHEWANA CREEK 	1973-2015 	BC 	08MF065 	Flow and Level 	49°57'13" N 	121°51'46" W 	712
NAHMINT LAKE NEAR PORT ALBERNI 	1979-1983 	BC 	08HB060 	Level 	49°07'22" N 	124°59'24" W 	
NAKONAKE RIVER (WEST FORK) NEAR ATLIN 	1955-1955 	BC 	08BB004 	Level 	59°00'05" N 	133°27'35" W 	194
NANAIMO RIVER NEAR CASSIDY 	1965-2018 	BC 	08HB034 	Flow and Level 	49°04'07" N 	123°53'13" W 	676
NANIKA RIVER AT OUTLET OF KIDPRICE LAKE 	1950-2018 	BC 	08ED001 	Flow and Level 	53°55'49" N 	127°27'06" W 	732
NASS RIVER ABOVE SHUMAL CREEK 	1929-2015 	BC 	08DB001 	Flow and Level 	55°15'44" N 	129°05'06" W 	18,400
NATION RIVER NEAR THE MOUTH 	1981-2014 	BC 	07ED003 	Flow and Level 	55°25'38" N 	123°38'00" W 	6,790
NAUTLEY RIVER NEAR FORT FRASER 	1950-2016 	BC 	08JB003 	Flow and Level 	54°05'06" N 	124°36'03" W 	6,030
NECHAKO RESERVOIR AT KENNEY DAM 	1993-1995 	BC 	08JA022 	Level 	53°34'49" N 	124°58'22" W 	
NECHAKO RESERVOIR AT SKINS LAKE SPILLWAY 	1993-1995 	BC 	08JA023 	Level 	53°46'20" N 	125°59'50" W 	
NECHAKO RESERVOIR AT TAHTSA REACH 	1992-1996 	BC 	08JA027 	Level 	53°39'44" N 	127°09'03" W 	
NECHAKO RIVER AT ISLE PIERRE 	1950-2016 	BC 	08JC002 	Flow and Level 	53°57'37" N 	123°14'05" W 	42,700
NECHAKO RIVER AT VANDERHOOF 	1915-2017 	BC 	08JC001 	Flow and Level 	54°01'36" N 	124°00'31" W 	25,200
NECHAKO RIVER BELOW CHESLATTA FALLS 	1980-2016 	BC 	08JA017 	Flow and Level 	53°41'07" N 	124°50'21" W 	15,500
NICKEL PLATE LAKE NEAR HEDLEY 	1975-1979 	BC 	08NL065 	Level 	49°23'43" N 	119°57'43" W 	
NICOLA LAKE NEAR QUILCHENA 	1933-2018 	BC 	08LG046 	Level 	50°09'30" N 	120°31'30" W 	
NICOLA RIVER ABOVE NICOLA LAKE 	1915-2014 	BC 	08LG049 	Flow and Level 	50°10'57" N 	120°22'30" W 	1,500
NICOLA RIVER AT OUTLET OF NICOLA LAKE 	1983-2015 	BC 	08LG065 	Flow and Level 	50°09'43" N 	120°40'07" W 	2,960
NICOLA RIVER NEAR SPENCES BRIDGE 	1911-2014 	BC 	08LG006 	Flow and Level 	50°19'51" N 	121°13'36" W 	7,100
NICOMEKL RIVER AT 203 STREET, LANGLEY 	1985-2016 	BC 	08MH155 	Flow and Level 	49°05'44" N 	122°39'36" W 	70.0
NICOMEN SLOUGH AT DEROCHE 	1960-1964 	BC 	08MH085 	Level 	49°11'10" N 	122°04'05" W 	
NICOMEN SLOUGH AT DEWDNEY 	1960-1964 	BC 	08MH086 	Level 	49°09'47" N 	122°11'35" W 	
NILE CREEK NEAR BOWSER 	1959-2017 	BC 	08HB022 	Flow and Level 	49°25'06" N 	124°39'08" W 	15.0
NIMPKISH RIVER ABOVE WOSS RIVER 	1990-2017 	BC 	08HF005 	Flow and Level 	50°12'53" N 	126°36'38" W 	783
NISKONLITH LAKE NEAR SHUSWAP 	1932-1950 	BC 	08LE079 	Level 	50°45'51" N 	119°46'59" W 	
NORDIC CREEK AT THE OUTLET OF NORDIC GLACIER 	2015-2017 	BC 	08NB020 	Flow and Level 	51°26'55" N 	117°41'38" W 	7.49
NORTH ALOUETTE RIVER AT 232ND STREET, MAPLE RIDGE 	1911-2016 	BC 	08MH006 	Flow and Level 	49°14'33" N 	122°34'48" W 	37.3
NORTH BEACH CREEK ABOVE ALLIN CREEK 	1998-2017 	BC 	08JB013 	Flow and Level 	54°07'36" N 	125°55'41" W 	9.08
NORTH THOMPSON RIVER AT BIRCH ISLAND 	1960-2015 	BC 	08LB047 	Flow and Level 	51°36'06" N 	119°54'51" W 	4,490
NORTH THOMPSON RIVER AT MCLURE 	1958-2018 	BC 	08LB064 	Flow and Level 	51°02'27" N 	120°14'25" W 	19,600
OGDEN LAKE ON LASQUETI ISLAND 	1977-1978 	BC 	08HB058 	Level 	49°28'47" N 	124°16'12" W 	
OKANAGAN LAKE AT KELOWNA 	1943-2017 	BC 	08NM083 	Level 	49°53'10" N 	119°29'58" W 	
OKANAGAN LAKE AT PENTICTON 	1920-1974 	BC 	08NM071 	Level 	49°30'06" N 	119°36'39" W 	
OKANAGAN RIVER AT OKANAGAN FALLS 	1915-2017 	BC 	08NM002 	Flow and Level 	49°20'31" N 	119°34'49" W 	6,720
OKANAGAN RIVER AT PENTICTON 	1921-2017 	BC 	08NM050 	Flow and Level 	49°29'54" N 	119°36'55" W 	5,980
OKANAGAN RIVER BELOW MCINTYRE DAM 	2012-2016 	BC 	08NM247 	Flow and Level 	49°15'24" N 	119°31'40" W 	7,150
OKANAGAN RIVER NEAR OLIVER 	1944-2017 	BC 	08NM085 	Flow and Level 	49°06'52" N 	119°33'59" W 	7,540
OKANOGAN RIVER AT BRIDGE STREET AT OROVILLE 	1943-1991 	BC 	08NM131 	Level 	48°56'20" N 	119°25'36" W 	8,110
OKANOGAN RIVER AT ZOSEL MILLPOND AT OROVILLE 	1947-1986 	BC 	08NM132 	Level 	48°55'55" N 	119°25'05" W 	8,280
OMINECA RIVER ABOVE OSILINKA RIVER 	1975-2016 	BC 	07EC002 	Flow and Level 	55°55'00" N 	124°34'03" W 	5,560
OR CREEK NEAR COQUITLAM 	2009-2018 	BC 	08MH168 	Flow and Level 	49°21'49" N 	122°44'04" W 	
OSILINKA RIVER NEAR END LAKE 	1981-2015 	BC 	07EC004 	Flow and Level 	56°07'37" N 	124°48'06" W 	1,950
OSOYOOS LAKE NEAR OROVILLE 	1928-2018 	BC 	08NM073 	Level 	48°57'24" N 	119°26'18" W 	
OSOYOOS LAKE NEAR OSOYOOS 	1946-2004 	BC 	08NM113 	Level 	49°01'43" N 	119°27'37" W 	
OSPIKA RIVER ABOVE ALEY CREEK 	1981-2015 	BC 	07EB002 	Flow and Level 	56°31'26" N 	123°56'09" W 	2,190
OTTER LAKE NEAR TULAMEEN 	1973-1985 	BC 	08NL059 	Level 	49°33'03" N 	120°45'20" W 	
OWIKENO LAKE AT RIVERS INLET 	1961-2017 	BC 	08FA007 	Level 	51°41'31" N 	127°10'02" W 	
OYAMA LAKE AT THE OUTLET 	1961-1986 	BC 	08NM224 	Level 	50°06'56" N 	119°16'43" W 	
OYSTER RIVER BELOW WOODHUS CREEK 	1973-2017 	BC 	08HD011 	Flow and Level 	49°53'40" N 	125°14'30" W 	302
PACK RIVER AT OUTLET OF MCLEOD LAKE 	1981-2015 	BC 	07EE010 	Flow and Level 	54°59'54" N 	123°02'11" W 	3,710
PALLANT CREEK NEAR QUEEN CHARLOTTE 	1962-2018 	BC 	08OB002 	Flow and Level 	53°03'26" N 	132°03'04" W 	76.7
PAQ LAKE NEAR MADEIRA PARK 	1959-1960 	BC 	08GB008 	Level 	49°37'00" N 	124°01'15" W 	
PARSNIP RIVER ABOVE MISINCHINKA RIVER 	1967-2015 	BC 	07EE007 	Flow and Level 	55°04'55" N 	122°54'47" W 	4,930
PASAYTEN RIVER ABOVE CALCITE CREEK 	1975-2015 	BC 	08NL069 	Flow and Level 	49°05'56" N 	120°34'45" W 	566
PAUL LAKE NEAR KAMLOOPS 	1945-1954 	BC 	08LB053 	Level 	50°44'20" N 	120°09'25" W 	
PAVILION LAKE NEAR PAVILION 	1931-1943 	BC 	08MD014 	Level 	50°52'15" N 	121°44'20" W 	
PEACE RIVER ABOVE ALCES RIVER 	1974-2016 	BC 	07FD010 	Flow and Level 	56°07'36" N 	120°03'26" W 	121,000
PEACE RIVER ABOVE PINE RIVER 	1979-2016 	BC 	07FA004 	Flow and Level 	56°11'57" N 	120°48'52" W 	87,200
PEACE RIVER AT HUDSON HOPE 	1917-2018 	BC 	07EF001 	Flow and Level 	56°01'37" N 	121°54'31" W 	73,100
PEACE RIVER NEAR TAYLOR 	1944-2016 	BC 	07FD002 	Flow and Level 	56°08'21" N 	120°40'20" W 	101,000
PEACHLAND LAKE NEAR PEACHLAND 	1973-1984 	BC 	08NM220 	Level 	49°50'01" N 	119°57'56" W 	
PEMBERTON CREEK NEAR PEMBERTON 	1987-2017 	BC 	08MG025 	Flow and Level 	50°18'55" N 	122°48'16" W 	32.4
PEND D'OREILLE RIVER BELOW INTERNATIONAL BOUNDARY 	1975-1991 	BC 	08NE119 	Level 	49°00'53" N 	117°22'04" W 	
PENFOLD CREEK NEAR THE MOUTH 	1998-2014 	BC 	08KH030 	Flow and Level 	52°47'31" N 	120°44'59" W 	184
PENNASK CREEK NEAR QUILCHENA 	1920-2015 	BC 	08LG016 	Flow and Level 	49°57'53" N 	120°08'05" W 	87.6
PENNASK LAKE NEAR QUILCHENA 	1920-1975 	BC 	08LG034 	Level 	49°59'55" N 	120°08'42" W 	
PEPIN CREEK AT INTERNATIONAL BOUNDARY 	1985-2016 	BC 	08MH156 	Flow and Level 	49°00'13" N 	122°28'18" W 	12.2
PETITOT RIVER BELOW HIGHWAY NO. 77 	1995-2017 	BC 	10DA001 	Flow and Level 	59°59'20" N 	122°57'23" W 	22,400
PHILLIPS LAKE NEAR THURLOW 	1969-1970 	BC 	08GF003 	Level 	50°35'00" N 	125°22'00" W 	
PINE RIVER AT EAST PINE 	1961-2016 	BC 	07FB001 	Flow and Level 	55°43'06" N 	121°12'41" W 	12,100
PINKUT CREEK NEAR TINTAGEL 	1961-2016 	BC 	08EC004 	Flow and Level 	54°24'19" N 	125°25'47" W 	808
POUCE COUPE RIVER BELOW HENDERSON CREEK 	1971-2014 	BC 	07FD007 	Flow and Level 	55°51'54" N 	120°01'49" W 	2,860
PREMIER CREEK NEAR QUEEN CHARLOTTE 	1971-2017 	BC 	08OA003 	Flow and Level 	53°15'30" N 	132°04'30" W 	
PRIEST LAKE NEAR LADYSMITH 	1979-1980 	BC 	08HB066 	Level 	49°03'18" N 	123°46'16" W 	
PROSPECT LAKE IN SAANICH 	1982-1993 	BC 	08HA053 	Level 	48°30'55" N 	123°26'39" W 	
PUGH CREEK NEAR NAHWITTI LAKE 	1998-2017 	BC 	08HF012 	Flow and Level 	50°44'04" N 	127°52'56" W 	22.3
PUNTLEDGE RIVER AT COURTENAY 	1914-2018 	BC 	08HB006 	Flow and Level 	49°41'16" N 	125°02'03" W 	583
PUNTLEDGE RIVER BELOW DIVERSION 	1993-2018 	BC 	08HB084 	Flow and Level 	49°40'06" N 	125°05'14" W 	479
QUAMICHAN LAKE NEAR DUNCAN 	1980-1993 	BC 	08HA020 	Level 	48°47'26" N 	123°40'28" W 	
QUARANTINE LAKE NEAR METCHOSIN 	1978-1984 	BC 	08HA041 	Level 	48°20'48" N 	123°35'40" W 	0.510
QUENNELL LAKE NEAR CEDAR 	1976-1980 	BC 	08HB055 	Level 	49°04'18" N 	123°48'24" W 	
QUESNEL LAKE NEAR LIKELY 	1956-2017 	BC 	08KH011 	Level 	52°34'29" N 	121°32'25" W 	
QUESNEL RIVER AT LIKELY 	1924-2017 	BC 	08KH001 	Flow and Level 	52°36'57" N 	121°34'20" W 	5,970
QUESNEL RIVER NEAR QUESNEL 	1939-2016 	BC 	08KH006 	Flow and Level 	52°50'35" N 	122°13'31" W 	11,500
QUINSAM DIVERSION NEAR CAMPBELL RIVER 	1997-2018 	BC 	08HD026 	Flow and Level 	49°56'29" N 	125°31'31" W 	
QUINSAM RIVER AT ARGONAUT BRIDGE 	1993-2018 	BC 	08HD021 	Flow and Level 	49°55'47" N 	125°30'34" W 	84.2
QUINSAM RIVER BELOW LOWER QUINSAM LAKE 	1997-2018 	BC 	08HD027 	Flow and Level 	49°55'47" N 	125°20'16" W 	215
QUINSAM RIVER NEAR CAMPBELL RIVER 	1956-2018 	BC 	08HD005 	Flow and Level 	50°01'45" N 	125°18'00" W 	278
RAINBOW LAKE NEAR PRINCE RUPERT 	1964-1965 	BC 	08EG014 	Level 	54°11'56" N 	130°04'50" W 	
RASPBERRY CREEK NEAR THE MOUTH 	1979-2014 	BC 	10CD003 	Flow and Level 	58°53'32" N 	123°19'08" W 	277
REDFISH CREEK NEAR HARROP 	1967-2017 	BC 	08NJ061 	Flow and Level 	49°37'21" N 	117°03'20" W 	27.2
RENEGADE CREEK NEAR KITIMAT 	1997-2016 	BC 	08FF006 	Flow and Level 	53°56'56" N 	128°44'15" W 	3.19
RENFREW CREEK NEAR PORT RENFREW 	1997-2018 	BC 	08HA069 	Flow and Level 	48°38'12" N 	124°17'30" W 	8.12
ROBERTS CREEK AT ROBERTS CREEK 	1959-2017 	BC 	08GA047 	Flow and Level 	49°25'15" N 	123°38'24" W 	32.6
ROE LAKE ON PENDER ISLAND 	1982-1984 	BC 	08HA058 	Level 	48°46'52" N 	123°18'10" W 	
ROSE LAKE NEAR OCHILTREE 	1937-1941 	BC 	08MC016 	Level 	52°14'20" N 	121°45'35" W 	
ROSS RESERVOIR NEAR NEWHALEM 	1946-2018 	BC 	08PA009 	Level 	48°43'58" N 	121°04'02" W 	
SALLOOMT RIVER NEAR HAGENSBORG 	1965-2014 	BC 	08FB004 	Flow and Level 	52°25'28" N 	126°31'15" W 	159
SALMO RIVER NEAR SALMO 	1949-2018 	BC 	08NE074 	Flow and Level 	49°02'49" N 	117°17'39" W 	1,240
SALMO RIVER NEAR WANETA 	1947-1950 	BC 	08NE044 	Level 	49°01'49" N 	117°22'26" W 	1,300
SALMON RIVER ABOVE CAMPBELL LAKE DIVERSION 	1981-2017 	BC 	08HD015 	Flow and Level 	50°05'25" N 	125°40'41" W 	268
SALMON RIVER ABOVE MEMEKAY RIVER 	1960-2017 	BC 	08HD007 	Flow and Level 	50°11'50" N 	125°44'41" W 	439
SALMON RIVER AT 72 AVENUE, LANGLEY 	1960-2016 	BC 	08MH090 	Flow and Level 	49°08'00" N 	122°35'47" W 	48.9
SALMON RIVER AT FALKLAND 	1911-2015 	BC 	08LE020 	Flow and Level 	50°29'54" N 	119°33'30" W 	1,030
SALMON RIVER BELOW CAMPBELL LAKE DIVERSION 	2009-2018 	BC 	08HD032 	Flow and Level 	50°05'37" N 	125°40'11" W 	
SALMON RIVER DIVERSION NEAR CAMPBELL RIVER 	1993-2016 	BC 	08HD020 	Flow and Level 	50°05'37" N 	125°40'11" W 	270
SALMON RIVER NEAR PRINCE GEORGE 	1953-2013 	BC 	08KC001 	Flow and Level 	54°05'47" N 	122°40'47" W 	4,230
SALMON RIVER NEAR SALMON ARM 	1911-2015 	BC 	08LE021 	Flow and Level 	50°41'33" N 	119°19'49" W 	1,550
SALMON RIVER NEAR SAYWARD 	1956-2017 	BC 	08HD006 	Flow and Level 	50°18'44" N 	125°54'27" W 	1,210
SAN JOSE RIVER ABOVE BORLAND CREEK 	1984-2013 	BC 	08MC040 	Flow and Level 	52°04'37" N 	121°59'30" W 	1,990
SAN JOSEF RIVER BELOW SHARP CREEK 	1990-2018 	BC 	08HF006 	Flow and Level 	50°40'09" N 	128°10'06" W 	64.4
SAN JUAN RIVER NEAR PORT RENFREW 	1959-2018 	BC 	08HA010 	Flow and Level 	48°34'34" N 	124°18'40" W 	578
SARITA RIVER NEAR BAMFIELD 	1948-2018 	BC 	08HB014 	Flow and Level 	48°53'33" N 	124°58'09" W 	162
SETON LAKE NEAR SHALALTH 	1927-1978 	BC 	08ME017 	Level 	50°43'40" N 	122°14'00" W 	
SETON RIVER NEAR LILLOOET 	1914-2018 	BC 	08ME003 	Flow and Level 	50°40'15" N 	121°58'10" W 	1,020
SEYMOUR RIVER ABOVE LAKEHEAD 	1997-2018 	BC 	08GA079 	Flow and Level 	49°29'49" N 	122°58'08" W 	82.9
SEYMOUR RIVER BELOW ORCHID CREEK 	1992-2018 	BC 	08GA077 	Flow and Level 	49°31'13" N 	123°00'14" W 	63.0
SEYMOUR RIVER NEAR NORTH VANCOUVER 	1928-2018 	BC 	08GA030 	Flow and Level 	49°20'31" N 	123°00'07" W 	179
SEYMOUR RIVER NEAR SEYMOUR ARM 	1914-2017 	BC 	08LE027 	Flow and Level 	51°15'43" N 	118°56'47" W 	805
SHATFORD CREEK NEAR PENTICTON 	1919-2015 	BC 	08NM037 	Flow and Level 	49°25'38" N 	119°45'05" W 	101
SHAWNIGAN LAKE OPPOSITE MEMORY ISLAND 	1970-1994 	BC 	08HA032 	Level 	48°36'32" N 	123°38'25" W 	
SHERIDAN CREEK ABOVE MCLEESE LAKE 	1987-2014 	BC 	08MC045 	Flow and Level 	52°25'34" N 	122°17'40" W 	99.0
SHUSWAP LAKE AT CANOE 	1986-2010 	BC 	08LE109 	Level 	50°45'17" N 	119°13'43" W 	
SHUSWAP LAKE AT SALMON ARM 	1951-2016 	BC 	08LE070 	Level 	50°42'33" N 	119°17'02" W 	
SHUSWAP LAKE AT SEYMOUR ARM 	1961-1979 	BC 	08LE071 	Level 	51°14'20" N 	118°55'40" W 	
SHUSWAP LAKE NEAR SICAMOUS 	1923-1974 	BC 	08LE053 	Level 	50°51'05" N 	119°00'43" W 	
SHUSWAP LAKE NEAR SORRENTO 	1923-1979 	BC 	08LE047 	Level 	50°52'50" N 	119°27'53" W 	
SHUSWAP RIVER AT OUTLET OF SUGAR LAKE RESERVOIR 	1926-2018 	BC 	08LC018 	Flow and Level 	50°20'42" N 	118°32'52" W 	1,130
SHUSWAP RIVER BELOW SKOOKUMCHUCK RAPIDS 	1955-1956 	BC 	08LC032 	Level 	50°36'40" N 	118°46'30" W 	
SHUSWAP RIVER NEAR ENDERBY 	1911-2015 	BC 	08LC002 	Flow and Level 	50°32'37" N 	119°00'46" W 	4,720
SHUSWAP RIVER NEAR LUMBY 	1913-2018 	BC 	08LC003 	Flow and Level 	50°18'10" N 	118°49'07" W 	2,000
SIKANNI CHIEF RIVER NEAR FORT NELSON 	1944-2014 	BC 	10CB001 	Flow and Level 	57°14'17" N 	122°41'29" W 	2,180
SIMILKAMEEN RIVER ABOVE GOODFELLOW CREEK 	1974-2015 	BC 	08NL070 	Flow and Level 	49°05'38" N 	120°40'21" W 	408
SIMILKAMEEN RIVER AT PRINCETON 	1914-2015 	BC 	08NL007 	Flow and Level 	49°27'34" N 	120°30'12" W 	1,810
SIMILKAMEEN RIVER NEAR HEDLEY 	1965-2015 	BC 	08NL038 	Flow and Level 	49°22'37" N 	120°09'08" W 	5,580
SIMPSON CREEK AT THE MOUTH 	1969-2018 	BC 	08EE012 	Flow and Level 	54°48'35" N 	127°12'14" W 	13.2
SIMPSON CREEK NEAR KOPRINO HARBOUR 	1998-2016 	BC 	08HF013 	Flow and Level 	50°30'44" N 	127°50'31" W 	16.3
SIWASH CREEK NEAR PRINCETON 	1967-2015 	BC 	08NL039 	Flow and Level 	49°39'46" N 	120°20'07" W 	263
SKAGIT RIVER AT INTERNATIONAL BOUNDARY 	1953-2017 	BC 	08PA004 	Level 	49°00'00" N 	121°03'59" W 	987
SKAHA LAKE AT OKANAGAN FALLS 	1943-2017 	BC 	08NM084 	Level 	49°25'35" N 	119°34'30" W 	
SKEENA RIVER ABOVE BABINE RIVER 	1970-2018 	BC 	08EB005 	Flow and Level 	55°43'01" N 	127°41'12" W 	12,400
SKEENA RIVER AT GLEN VOWELL 	1986-2018 	BC 	08EB003 	Level 	55°18'03" N 	127°40'21" W 	26,000
SKEENA RIVER AT USK 	1928-2017 	BC 	08EF001 	Flow and Level 	54°37'54" N 	128°25'49" W 	42,300
SLESSE CREEK NEAR VEDDER CROSSING 	1957-2017 	BC 	08MH056 	Flow and Level 	49°04'18" N 	121°41'59" W 	160
SLOCAN LAKE AT SLOCAN CITY 	1916-1969 	BC 	08NJ137 	Level 	49°46'13" N 	117°28'15" W 	
SLOCAN RIVER NEAR CRESCENT VALLEY 	1914-2018 	BC 	08NJ013 	Flow and Level 	49°27'36" N 	117°33'53" W 	3,330
SLOKO LAKE NEAR ATLIN 	1954-1979 	BC 	08BB003 	Level 	59°06'40" N 	133°39'50" W 	
SMITH RIVER NEAR THE MOUTH 	1983-2016 	BC 	10BE013 	Flow and Level 	59°33'12" N 	126°28'50" W 	3,740
SOMASS RIVER NEAR ALBERNI 	2003-2003 	BC 	08HB017 	Level 	49°17'07" N 	124°52'00" W 	1,280
SOMENOS LAKE NEAR DUNCAN 	1961-1989 	BC 	08HA013 	Level 	48°48'13" N 	123°42'26" W 	
SOUTH NANAIMO RIVER NEAR JUNCTION 	1997-2018 	BC 	08HB092 	Flow and Level 	49°03'36" N 	124°07'34" W 	211
SOUTH THOMPSON RIVER AT CHASE 	1911-2017 	BC 	08LE031 	Flow and Level 	50°45'47" N 	119°44'35" W 	15,800
SOUTH THOMPSON RIVER AT MONTE CREEK 	1971-1971 	BC 	08LE069 	Level 	50°39'12" N 	119°57'34" W 	16,600
SPILLIMACHEEN RIVER NEAR SPILLIMACHEEN 	1912-2018 	BC 	08NA011 	Flow and Level 	50°54'15" N 	116°24'24" W 	1,460
SPIUS CREEK BELOW SILVER CREEK 	2000-2016 	BC 	08LG068 	Flow and Level 	49°57'00" N 	121°05'47" W 	178
SPIUS CREEK NEAR CANFORD 	1911-2014 	BC 	08LG008 	Flow and Level 	50°08'10" N 	121°01'48" W 	775
SPLIT CREEK AT THE MOUTH 	1974-2017 	BC 	08NB016 	Flow and Level 	51°31'35" N 	116°53'56" W 	80.5
SPROAT LAKE NEAR ALBERNI 	1913-1996 	BC 	08HB015 	Level 	49°17'05" N 	124°55'00" W 	
SPROAT RIVER NEAR ALBERNI 	1913-2017 	BC 	08HB008 	Flow and Level 	49°17'23" N 	124°54'37" W 	351
SQUAMISH RIVER BELOW MAMQUAM RIVER 	1990-1990 	BC 	08GA053 	Level 	49°43'20" N 	123°09'54" W 	
SQUAMISH RIVER NEAR BRACKENDALE 	1922-2017 	BC 	08GA022 	Flow and Level 	49°47'42" N 	123°12'11" W 	2,350
SQUAWK LAKE NEAR 141 MILE HOUSE 	1987-1991 	BC 	08MC046 	Level 	52°02'16" N 	121°36'13" W 	81.4
ST. MARY LAKE, SALTSPRING ISLAND 	1969-1972 	BC 	08HA024 	Level 	48°53'51" N 	123°32'46" W 	
ST. MARY RIVER BELOW MORRIS CREEK 	1973-2017 	BC 	08NG077 	Flow and Level 	49°44'14" N 	116°26'06" W 	208
ST.MARY LAKE AT THE PUMPHOUSE 	1978-1985 	BC 	08HA044 	Level 	48°53'35" N 	123°32'55" W 	
STAVE RIVER ABOVE STAVE LAKE 	1983-2016 	BC 	08MH147 	Flow and Level 	49°33'22" N 	122°19'23" W 	290
STAVE RIVER AT STAVE FALLS 	1912-1912 	BC 	08MH011 	Level 	49°13'46" N 	122°21'18" W 	1,140
STAWAMUS RIVER AT HIGHWAY NO. 99 	1991-2017 	BC 	08GA076 	Flow and Level 	49°41'23" N 	123°08'47" W 	52.8
STELLAKO RIVER AT GLENANNAN 	1929-2017 	BC 	08JB002 	Flow and Level 	54°00'28" N 	125°00'32" W 	3,600
STIKINE RIVER ABOVE CHOQUETTE RIVER 	1983-1984 	BC 	08CF002 	Level 	56°49'48" N 	131°45'57" W 	
STIKINE RIVER AT TELEGRAPH CREEK 	1954-2017 	BC 	08CE001 	Flow and Level 	57°54'00" N 	131°09'34" W 	29,000
STOWELL LAKE ON SALTSPRING ISLAND 	1981-1984 	BC 	08HA050 	Level 	48°46'50" N 	123°26'50" W 	
STUART LAKE NEAR FORT ST. JAMES 	1955-1995 	BC 	08JE003 	Level 	54°27'18" N 	124°17'08" W 	
STUART RIVER NEAR FORT ST. JAMES 	1929-2014 	BC 	08JE001 	Flow and Level 	54°25'00" N 	124°16'14" W 	14,200
SUGAR LAKE RESERVOIR AT THE OUTLET 	1970-2015 	BC 	08LC041 	Level 	50°21'27" N 	118°32'17" W 	
SUGSAW LAKE NEAR BAMFIELD 	1981-1983 	BC 	08HB076 	Level 	48°50'30" N 	125°05'30" W 	
SUKUNKA RIVER NEAR THE MOUTH 	1977-2014 	BC 	07FB003 	Flow and Level 	55°32'31" N 	121°37'39" W 	2,590
SULLIVAN CREEK NEAR CANYON 	1958-2017 	BC 	08NH115 	Flow and Level 	49°06'15" N 	116°26'12" W 	6.22
SUMAS RIVER ABOVE PUMPHOUSE 	1970-1974 	BC 	08MH131 	Level 	49°06'52" N 	122°06'39" W 	
SUMAS RIVER AT ATKINSON ROAD 	1972-1980 	BC 	08MH093 	Level 	49°03'48" N 	122°10'15" W 	
SUMAS RIVER AT MCDERMOT ROAD 	1972-1981 	BC 	08MH133 	Level 	49°04'32" N 	122°09'44" W 	
SUMAS RIVER NEAR B.C. HYDRO RAILWAY BRIDGE 	1973-1975 	BC 	08MH130 	Level 	49°00'57" N 	122°12'56" W 	
SUMAS RIVER NEAR HUNTINGDON 	1935-2017 	BC 	08MH029 	Flow and Level 	49°00'08" N 	122°13'56" W 	144
SUMAS RIVER NEAR YARROW 	1960-1964 	BC 	08MH094 	Level 	49°06'57" N 	122°06'40" W 	
SURPRISE CREEK NEAR THE MOUTH 	1967-2016 	BC 	08DA005 	Flow and Level 	56°06'33" N 	129°28'38" W 	218
SWALWELL LAKE NEAR OKANAGAN CENTRE 	1926-1992 	BC 	08NM062 	Level 	50°02'35" N 	119°14'35" W 	
SWAN LAKE AT THE OUTLET 	1987-1988 	BC 	07FD017 	Level 	55°31'37" N 	120°01'37" W 	
SWIFT RIVER NEAR SWIFT RIVER 	1956-2017 	BC 	09AE003 	Flow and Level 	59°55'51" N 	131°46'07" W 	3,390
TAHTSA LAKE NEAR KEMANO 	1999-2013 	BC 	08JA030 	Level 	53°37'02" N 	127°41'39" W 	
TARUNDL CREEK NEAR QUEEN CHARLOTTE 	1993-2017 	BC 	08OA005 	Flow and Level 	53°14'38" N 	132°08'52" W 	10.6
TASEKO RIVER AT OUTLET OF TASEKO LAKES 	1929-2016 	BC 	08MA003 	Flow and Level 	51°22'44" N 	123°37'52" W 	1,520
TEETER CREEK NEAR THE MOUTH 	1979-2016 	BC 	10BE009 	Flow and Level 	59°27'15" N 	126°13'39" W 	209
TELKWA RIVER BELOW TSAI CREEK 	1975-2017 	BC 	08EE020 	Flow and Level 	54°36'24" N 	127°29'48" W 	367
THAUTIL CORNER CREEK NEAR MORICE LAKE 	1997-2016 	BC 	08ED004 	Flow and Level 	54°15'20" N 	127°20'58" W 	4.22
THEODOSIA RIVER ABOVE SCOTTY CREEK 	2003-2018 	BC 	08GC008 	Flow and Level 	50°05'51" N 	124°36'57" W 	
THEODOSIA RIVER BELOW OLSEN LAKE DIVERSION 	2000-2018 	BC 	08GC007 	Flow and Level 	50°07'39" N 	124°32'35" W 	
THEODOSIA RIVER DIVERSION ABOVE OLSEN LAKE 	2000-2018 	BC 	08GC005 	Flow and Level 	50°07'45" N 	124°32'26" W 	
THEODOSIA RIVER DIVERSION BYPASS 	2000-2018 	BC 	08GC006 	Flow and Level 	50°07'41" N 	124°32'33" W 	
THIRSK LAKE NEAR THE OUTLET 	1979-1987 	BC 	08NM238 	Level 	49°44'00" N 	120°05'30" W 	
THOMPSON RIVER AT KAMLOOPS 	1911-2016 	BC 	08LF023 	Level 	50°41'15" N 	120°21'50" W 	37,800
THOMPSON RIVER NEAR SPENCES BRIDGE 	1951-2015 	BC 	08LF051 	Flow and Level 	50°21'16" N 	121°23'37" W 	55,400
TOAD RIVER ABOVE NONDA CREEK 	1961-2016 	BC 	10BE004 	Flow and Level 	58°51'17" N 	125°22'57" W 	2,540
TOFINO CREEK NEAR THE MOUTH 	1995-2018 	BC 	08HB086 	Flow and Level 	49°15'02" N 	125°34'59" W 	38.6
TRAPPING CREEK NEAR THE MOUTH 	1965-2016 	BC 	08NN019 	Flow and Level 	49°33'55" N 	119°03'07" W 	145
TREPANIER CREEK NEAR PEACHLAND 	1919-2013 	BC 	08NM041 	Flow and Level 	49°49'32" N 	119°47'13" W 	182
TROUT LAKE AT GERRARD 	1945-1945 	BC 	08NH090 	Level 	50°30'34" N 	117°16'43" W 	
TROUT LAKE AT HALFMOON BAY 	1977-1977 	BC 	08GB012 	Level 	49°30'02" N 	123°52'55" W 	
TROUT LAKE AT TROUT LAKE 	1945-1945 	BC 	08NH089 	Level 	50°38'43" N 	117°32'06" W 	
TROUT LAKE NEAR GERRARD 	1945-1945 	BC 	08NH091 	Level 	50°32'38" N 	117°22'00" W 	
TROUT RIVER AT KILOMETRE 783.7 ALASKA HIGHWAY 	1970-2017 	BC 	10BE007 	Flow and Level 	59°20'09" N 	125°56'24" W 	1,170
TSILCOH RIVER NEAR THE MOUTH 	1975-2017 	BC 	08JE004 	Flow and Level 	54°36'38" N 	124°14'51" W 	431
TSITIKA RIVER BELOW CATHERINE CREEK 	1974-2017 	BC 	08HF004 	Flow and Level 	50°26'25" N 	126°34'42" W 	365
TSOLUM RIVER BELOW MUREX CREEK 	1997-2015 	BC 	08HB089 	Flow and Level 	49°48'31" N 	125°11'42" W 	86.8
TSOLUM RIVER NEAR COURTENAY 	1914-2018 	BC 	08HB011 	Flow and Level 	49°42'21" N 	125°00'41" W 	251
TULAMEEN RIVER AT PRINCETON 	1950-2016 	BC 	08NL024 	Flow and Level 	49°27'27" N 	120°31'06" W 	1,780
TULAMEEN RIVER BELOW VUICH CREEK 	1974-2016 	BC 	08NL071 	Flow and Level 	49°27'56" N 	120°58'44" W 	253
TUTSHI RIVER AT OUTLET OF TUTSHI LAKE 	1956-2016 	BC 	09AA013 	Flow and Level 	59°56'52" N 	134°19'57" W 	989
TUYA RIVER NEAR TELEGRAPH CREEK 	1962-2018 	BC 	08CD001 	Flow and Level 	58°04'20" N 	130°49'35" W 	3,550
TWAIN CREEK TRIBUTARY NEAR BABINE LAKE 	1998-2018 	BC 	08EC014 	Flow and Level 	54°33'34" N 	125°54'52" W 	
TWIN LAKES NEAR OLALLA 	1968-1977 	BC 	08NM148 	Level 	49°19'03" N 	119°43'35" W 	
TWO FORTY CREEK NEAR PENTICTON 	1983-2017 	BC 	08NM240 	Flow and Level 	49°39'03" N 	119°24'00" W 	4.94
TWO FORTY-ONE CREEK NEAR PENTICTON 	1983-2016 	BC 	08NM241 	Flow and Level 	49°39'00" N 	119°23'37" W 	4.50
TWO MILE CREEK IN DISTRICT LOT 4834 	1982-2016 	BC 	08EE025 	Flow and Level 	55°17'46" N 	127°37'14" W 	21.2
TYHEE LAKE NEAR TELKWA 	1983-1983 	BC 	08EE026 	Level 	54°43'21" N 	127°03'05" W 	
UCONA RIVER AT THE MOUTH 	1957-2014 	BC 	08HC002 	Flow and Level 	49°42'30" N 	126°05'54" W 	187
UNNAMED CREEK AT 114 AVENUE, WHALLEY 	1976-1976 	BC 	08MH134 	Level 	49°12'35" N 	122°51'07" W 	
UPPER ARROW LAKE AT ARROWHEAD 	1930-1968 	BC 	08NE038 	Level 	50°41'33" N 	117°53'48" W 	
UPPER ARROW LAKE AT BEATON 	1946-1946 	BC 	08NE068 	Level 	50°44'24" N 	117°43'57" W 	
UPPER ARROW LAKE AT NAKUSP 	1922-1969 	BC 	08NE045 	Level 	50°14'12" N 	117°48'07" W 	
UPPER CAMPBELL LAKE AT STRATHCONA DAM 	2007-2017 	BC 	08HD031 	Level 	49°59'49" N 	125°35'11" W 	
VANCE CREEK BELOW DEAFIES CREEK 	1970-2017 	BC 	08LC040 	Flow and Level 	50°17'03" N 	118°56'49" W 	70.9
VASEUX CREEK ABOVE SOLCO CREEK 	1970-2015 	BC 	08NM171 	Flow and Level 	49°14'57" N 	119°19'17" W 	117
VASEUX LAKE NEAR THE OUTLET 	1991-2017 	BC 	08NM243 	Level 	49°16'23" N 	119°31'31" W 	
VEDDER RIVER NEAR YARROW 	1952-1995 	BC 	08MH047 	Level 	49°05'30" N 	122°02'10" W 	
VERNON CREEK AT OUTLET OF KALAMALKA LAKE 	1927-2015 	BC 	08NM065 	Flow and Level 	50°14'18" N 	119°16'00" W 	569
WAKEMAN RIVER BELOW ATWAYKELLESSE RIVER 	2006-2018 	BC 	08GF007 	Flow and Level 	51°06'10" N 	126°28'30" W 	698
WANNOCK RIVER AT OUTLET OF OWIKENO LAKE 	1927-2017 	BC 	08FA002 	Flow and Level 	51°40'45" N 	127°10'45" W 	3,900
WEST CREEK NEAR FORT LANGLEY 	1960-2016 	BC 	08MH098 	Flow and Level 	49°08'51" N 	122°31'54" W 	11.4
WEST KETTLE RIVER AT BEAVERDELL 	1974-1976 	BC 	08NN025 	Level 	49°25'52" N 	119°05'28" W 	1,190
WEST KETTLE RIVER AT WESTBRIDGE 	1914-2016 	BC 	08NN003 	Flow and Level 	49°10'11" N 	118°58'30" W 	1,890
WEST KETTLE RIVER NEAR MCCULLOCH 	1949-2015 	BC 	08NN015 	Flow and Level 	49°42'10" N 	119°05'32" W 	233
WEST ROAD RIVER NEAR CINEMA 	1952-2016 	BC 	08KG001 	Flow and Level 	53°18'23" N 	122°53'30" W 	12,400
WESTON LAKE ON SALTSPRING ISLAND 	1981-1983 	BC 	08HA051 	Level 	48°47'00" N 	123°25'40" W 	
WHITEMAN CREEK ABOVE BOULEAU CREEK 	1971-2014 	BC 	08NM174 	Flow and Level 	50°12'44" N 	119°32'19" W 	114
WHITESAIL MIDDLE CREEK NEAR TAHTSA REACH 	1997-2016 	BC 	08JA029 	Flow and Level 	53°39'45" N 	126°59'25" W 	7.72
WHONOCK LAKE NEAR WEBSTER CORNERS 	1960-1964 	BC 	08MH100 	Level 	49°13'00" N 	122°26'53" W 	
WILLIAMS LAKE NEAR WILLIAMS LAKE 	1960-1995 	BC 	08MC023 	Level 	52°07'19" N 	122°06'33" W 	
WILLISTON LAKE AT INGENIKA POINT 	1980-1983 	BC 	07EA006 	Level 	56°47'19" N 	124°52'27" W 	
WILLISTON LAKE AT LOST CABIN CREEK 	1976-2015 	BC 	07EF002 	Level 	56°02'59" N 	123°44'53" W 	
WILLISTON LAKE AT NATION ARM 	1980-1995 	BC 	07ED002 	Level 	55°30'14" N 	123°25'11" W 	
WILLISTON LAKE NEAR MACKENZIE 	1969-1975 	BC 	07EE008 	Level 	55°20'22" N 	123°11'17" W 	
WILLISTON LAKE NEAR SCHOOLER CREEK 	1980-2015 	BC 	07EF003 	Level 	56°06'23" N 	122°42'58" W 	
WILLOW RIVER ABOVE HAY CREEK 	1976-2011 	BC 	08KD006 	Flow and Level 	54°02'44" N 	122°22'23" W 	2,860
WINDY CREEK ABOVE JIM CREEK 	1999-2014 	BC 	08LA028 	Flow and Level 	51°37'22" N 	120°40'20" W 	79.4
WOKAS LAKE NEAR CAMPBELL RIVER 	1997-2017 	BC 	08HD025 	Level 	49°54'37" N 	125°32'47" W 	
WOOD LAKE AT INLET TO OYAMA CANAL 	1928-1973 	BC 	08NM066 	Level 	50°06'35" N 	119°22'57" W 	
YAKOUN RIVER NEAR PORT CLEMENTS 	1962-2017 	BC 	08OA002 	Flow and Level 	53°36'50" N 	132°12'35" W 	480
YALAKOM RIVER ABOVE ORE CREEK 	1983-2018 	BC 	08ME025 	Flow and Level 	50°54'45" N 	122°14'21" W 	581
YELLOW LAKE NEAR KEREMEOS 	1973-1981 	BC 	08NL047 	Level 	49°20'10" N 	119°45'20" W 	
ZEBALLOS RIVER AT MOOK PEAK 	1998-2017 	BC 	08HE008 	Flow and Level 	50°08'08" N 	126°49'12" W 	14.6
ZEBALLOS RIVER NEAR ZEBALLOS 	1959-2018 	BC 	08HE006 	Flow and Level 	50°00'44" N 	126°50'36" W 	178
ZYMOETZ RIVER ABOVE O.K. CREEK 	1963-2018 	BC 	08EF005 	Flow and Level 	54°29'37" N 	128°19'28" W 	2,850
